Age,Gender,Weight (kg),Height (m),Max_BPM,Avg_BPM,Resting_BPM,Workout_Frequency (days/week),BMI,Calc_BMI,Activity_Level,Difficulty
34,Female,86.7,1.86,174,152,74,5,14.31,25.06,Athletic,
26,Female,84.7,1.83,166,156,73,5,33.49,25.29,Athletic,
22,Male,64.8,1.85,187,166,64,3,12.73,18.93,Moderate,
54,Female,75.3,1.82,187,169,58,4,20.37,22.73,Active,
34,Female,52.8,1.74,177,169,66,4,20.83,17.44,Active,
38,Female,53,1.58,161,128,74,2,13.02,21.23,Light,
44,Female,46.5,1.81,191,142,74,2,18.12,14.19,Light,
50,Female,88.5,1.63,181,136,63,4,19.16,33.31,Active,
18,Female,82.9,1.54,174,169,64,3,49.84,34.96,Moderate,
34,Female,65.9,1.74,195,169,73,5,12.32,21.77,Athletic,
39,Female,47,1.78,181,155,55,3,28.39,14.83,Moderate,
46,Male,40,1.88,168,131,69,2,12.32,11.32,Light,
19,Male,87.7,1.98,186,145,50,3,15.99,22.37,Moderate,
56,Female,107.4,1.73,176,141,71,2,14.48,35.88,Light,
19,Female,71.7,1.91,197,148,74,4,19.09,19.65,Active,
30,Female,90.6,1.6,161,125,52,4,13.91,35.39,Active,
23,Male,56.2,1.76,195,141,55,4,22.61,18.14,Active,
39,Female,71.3,1.77,171,124,74,5,14.31,22.76,Athletic,
54,Female,47.7,1.56,181,128,74,3,23.64,19.6,Moderate,
,Male,63,1.51,184,169,71,3,22.69,27.63,Moderate,
26,Male,129.9,1.71,196,136,74,5,21.04,44.42,Athletic,
22,Female,102.4,1.5,173,156,55,4,18.23,45.51,Active,
36,Female,64.2,1.78,192,130,74,3,25.59,20.26,Moderate,
18,Male,129.4,1.5,177,145,71,5,18.07,57.51,Athletic,
25,Male,57.2,1.82,184,140,74,4,15.23,17.27,Active,
59,Male,71.8,1.5,165,152,74,3,16.87,31.91,Moderate,
18,Male,112.4,1.71,177,165,55,2,24.43,38.44,Light,
18,Male,40,1.72,188,155,74,2,17.79,13.52,Light,
25,Female,64.3,1.65,183,169,67,2,20.59,23.62,Light,
32,Male,72.4,1.74,189,127,60,2,17.68,23.91,Light,
28,Male,62.4,1.56,193,141,55,3,18.61,25.64,Moderate,
27,Female,78.6,1.65,198,127,66,3,17.92,28.87,Moderate,
44,Female,45,1.53,199,158,50,4,27.74,19.22,Active,
20,Female,103.4,1.53,180,166,56,4,19.18,44.17,Active,
51,Male,79.2,1.85,178,147,51,4,18.95,23.14,Active,
52,Female,40,1.84,182,156,56,4,12.32,11.81,Active,
35,Male,75.7,1.61,192,147,52,3,23.19,29.2,Moderate,
21,Male,76.8,1.75,166,125,74,3,16.66,25.08,Moderate,
48,Female,112.6,1.69,160,162,63,4,12.32,39.42,Active,
18,Male,73.7,1.78,192,154,73,2,21.08,23.26,Light,
18,Female,84,1.71,194,148,52,3,17.99,28.73,Moderate,
28,Male,68,1.7,174,155,68,3,21.67,23.53,Moderate,
23,Male,107.6,1.5,,136,71,5,23.77,47.82,Athletic,
30,Female,54.3,1.82,185,168,66,3,26.4,16.39,Moderate,
18,Female,42.8,1.89,194,162,73,3,18.54,11.98,Moderate,
37,Female,55.4,1.68,197,164,52,3,17.71,19.63,Moderate,
49,Female,102.4,1.65,185,148,68,5,15.52,37.61,Athletic,
42,Female,95.5,1.95,168,125,72,4,12.32,25.12,Active,
27,Female,58.7,1.98,199,145,52,2,18.99,14.97,Light,
35,Female,49.7,1.86,161,130,62,4,12.32,14.37,Active,
24,Female,86.5,1.65,196,169,59,3,12.9,31.77,Moderate,
44,Female,63.6,1.78,167,129,74,4,15.73,20.07,Active,
52,Male,58.7,1.58,169,131,53,3,19.62,23.51,Moderate,
49,Female,56.6,1.75,198,120,72,2,34.37,18.48,Light,
36,Female,40,1.71,178,169,69,4,39.74,13.68,Active,
23,Female,67.7,1.73,188,162,54,3,16.07,22.62,Moderate,
56,Female,40,1.74,172,146,74,2,19.63,13.21,Light,
48,Female,68,1.69,185,144,68,2,28.93,23.81,Light,
24,Male,68.3,1.74,184,161,51,4,16.26,22.56,Active,
22,Female,99.1,1.72,182,169,62,4,16.91,33.5,Active,
20,Female,72.9,1.63,164,156,51,3,19.83,27.44,Moderate,
44,Female,40,1.68,175,156,74,3,12.32,14.17,Moderate,
33,Female,58.3,1.77,167,153,74,2,20.47,18.61,Light,
18,Male,40,1.64,177,134,53,3,18.78,14.87,Moderate,
59,Male,45.8,1.5,163,137,55,4,26.25,20.36,Active,
27,Male,52.3,1.75,180,128,61,4,23.23,17.08,Active,
33,Female,76.3,1.95,188,125,72,5,26.08,20.07,Athletic,
47,Male,77.5,1.72,176,151,56,2,24.32,26.2,Light,
18,Male,39.9,1.8,197,165,56,3,12.32,12.31,Moderate,
46,Female,40,1.58,177,132,58,2,12.73,16.02,Light,
27,Male,96.3,1.61,198,159,70,3,12.32,37.15,Moderate,
34,Female,49.6,1.52,191,160,59,3,20.97,21.47,Moderate,
45,Male,86.4,1.51,189,159,69,3,16.06,37.89,Moderate,
55,Female,68.4,1.85,175,150,58,4,22.87,19.99,Active,
18,Female,56.9,1.77,183,131,57,4,18.57,18.16,Active,
41,Female,51.1,1.94,185,137,72,3,16.41,13.58,Moderate,
24,Male,47.6,1.51,175,120,70,5,13.71,20.88,Athletic,
26,Female,88.8,1.7,193,169,68,2,30.34,30.73,Light,
18,Male,67.5,1.69,177,169,72,4,14.08,23.63,Active,
29,Male,96.7,1.7,175,141,54,2,13.16,33.46,Light,
26,Male,55.7,1.99,172,142,68,4,12.32,14.07,Active,
43,Male,112,1.71,166,146,58,3,21.1,38.3,Moderate,
48,Male,75.2,1.72,193,169,59,2,18.64,25.42,Light,
29,Female,72,1.66,167,144,68,4,17.55,26.13,Active,
57,Female,63.6,1.87,170,158,65,4,12.32,18.19,Active,
22,Female,75.7,1.56,194,142,61,3,13.93,31.11,Moderate,
20,Male,59.1,1.62,191,127,54,3,12.46,22.52,Moderate,
39,Female,41.3,1.76,175,136,69,3,15.36,13.33,Moderate,
41,Male,40,1.77,176,148,65,5,22.98,12.77,Athletic,
41,Female,63.7,1.93,195,155,61,4,15.76,17.1,Active,
31,Female,100,1.75,190,169,67,4,32.65,32.65,Active,
20,Male,45,1.68,171,154,74,4,12.32,15.94,Active,
26,Male,47.1,1.61,189,138,52,3,29.91,18.17,Moderate,
37,Female,72.1,1.83,164,152,58,4,16.92,21.53,Active,
59,Male,57.5,1.81,175,169,58,5,12.32,17.55,Athletic,
22,Male,54.3,1.85,165,144,53,4,20.04,15.87,Active,
25,Male,63.9,1.67,178,144,61,3,24.51,22.91,Moderate,
32,Male,56.6,2,190,123,65,4,17.83,14.15,Active,
37,Female,68.9,1.65,171,132,50,3,20.71,25.31,Moderate,
29,Female,95.3,1.72,190,169,74,5,20.06,32.21,Athletic,
30,Female,96.3,2,173,136,74,5,25.83,24.08,Athletic,
28,Male,84.4,1.74,182,142,52,2,34.01,27.88,Light,
33,Male,60.5,1.54,195,126,56,4,21.23,25.51,Active,
48,Female,49.8,1.69,184,143,56,3,25.57,17.44,Moderate,
32,Male,47.2,1.81,187,129,59,4,31.5,14.41,Active,
54,Female,56.3,1.59,172,169,68,4,18.7,22.27,Active,
49,Male,45,1.84,190,159,53,4,17.11,13.29,Active,
53,Male,87.7,1.84,164,152,53,5,25.16,25.9,Athletic,
54,Female,46.1,1.85,187,162,63,4,20.62,13.47,Active,
18,Female,69.8,1.82,178,168,58,5,34.21,21.07,Athletic,
18,Male,79.2,1.77,198,137,66,3,19.07,25.28,Moderate,
29,Male,60.6,1.76,188,148,50,3,23.73,19.56,Moderate,
22,Female,53.3,1.73,172,144,71,3,13.13,17.81,Moderate,
20,Male,95.7,1.85,196,136,58,3,15.47,27.96,Moderate,
29,Female,57.4,1.74,198,165,67,4,18.95,18.96,Active,
47,Male,87.3,1.9,194,164,74,5,20.1,24.18,Athletic,
20,Female,60.2,1.75,193,136,51,4,19.66,19.66,Active,
18,Male,79.2,1.66,176,154,72,3,14.27,28.74,Moderate,
18,Male,73.8,1.75,187,149,74,3,17.79,24.1,Moderate,
33,Female,66.3,1.76,164,120,74,3,20.67,21.4,Moderate,
27,Male,72.8,1.82,162,136,57,4,22.59,21.98,Active,
38,Male,50,1.75,186,135,59,4,49.84,16.33,Active,
29,Female,93.5,1.85,166,167,74,3,19.83,27.32,Moderate,
54,Male,84,1.94,178,133,53,4,16.61,22.32,Active,
37,Female,55.3,1.73,183,134,51,2,16.26,18.48,Light,
21,Male,66.6,1.85,189,121,56,5,12.32,19.46,Athletic,
21,,65.8,1.62,172,127,62,3,15.3,25.07,Moderate,
26,Female,59.8,1.6,180,151,58,3,12.63,23.36,Moderate,
42,Female,80.3,1.94,192,169,52,5,33.99,21.34,Athletic,
31,Female,129.9,1.7,190,169,69,3,16.07,44.95,Moderate,
50,Female,40,1.75,162,169,55,4,28.18,13.06,Active,
51,Female,91.7,1.72,168,137,58,4,14.15,31,Active,
18,Male,64.8,1.82,169,156,69,3,17.69,19.56,Moderate,
54,Male,60.1,1.63,174,159,72,4,20.56,22.62,Active,
38,Female,59,2.18,169,134,67,3,12.32,12.41,Moderate,
37,Male,46.3,1.69,181,141,67,4,19.11,16.21,Active,
21,Male,66.9,1.69,197,149,74,5,33.07,23.42,Athletic,
19,Female,40,1.93,167,158,74,4,12.32,10.74,Active,
32,Female,79,1.6,165,149,64,3,18.69,30.86,Moderate,
36,Female,50.1,1.85,199,140,68,4,25.82,14.64,Active,
23,Male,71.3,1.77,171,134,50,3,18.17,22.76,Moderate,
45,,68.3,1.75,185,133,65,4,13.23,22.3,Active,
39,Female,66.8,1.61,177,127,59,4,17.16,25.77,Active,
45,Male,53.9,1.68,169,141,71,3,20.62,19.1,Moderate,
33,Female,97.1,1.86,166,127,72,4,16.27,28.07,Active,
27,Female,40,1.57,178,169,52,3,21.11,16.23,Moderate,
37,Male,62.1,1.85,196,151,64,4,20.37,18.14,Active,
28,Male,60.7,1.73,198,124,70,2,20.21,20.28,Light,
18,Male,46.9,1.84,185,147,65,3,13,13.85,Moderate,
18,Female,90.8,1.66,182,134,56,4,22.03,32.95,Active,
24,Female,44,1.79,193,164,62,4,14.27,13.73,Active,
27,Female,75.1,1.86,175,165,70,4,14.22,21.71,Active,
23,Female,74.2,1.71,199,150,57,3,12.32,25.38,Moderate,
23,Female,58.2,1.85,196,130,57,4,35.08,17.01,Active,
25,Female,65.9,2.05,180,151,56,5,15.58,15.68,Athletic,
23,Female,78.7,1.68,191,132,70,2,20.39,27.88,Light,
43,Male,74.2,1.76,188,141,68,2,20.52,23.95,Light,
18,Male,56.1,2,180,120,57,5,12.32,14.03,Athletic,
45,Female,42.1,1.86,194,129,74,5,33,12.17,Athletic,
18,Male,40,1.73,168,121,73,2,18.62,13.36,Light,
18,Male,40,1.85,175,144,51,4,21.16,11.69,Active,
20,Male,73.9,1.81,171,168,74,3,22.57,22.56,Moderate,
22,Female,40,1.75,181,155,50,3,12.82,13.06,Moderate,
28,Female,107.7,1.99,188,129,55,2,17.86,27.2,Light,
18,Female,40,1.8,196,120,70,4,20.06,12.35,Active,
57,Female,70,1.81,167,154,53,3,12.32,21.37,Moderate,
55,Female,63.2,1.59,161,168,69,3,17.45,25,Moderate,
50,Male,69.6,1.71,167,169,57,2,20.42,23.8,Light,
32,Male,57,1.76,170,160,71,4,16.01,18.4,Active,
20,Female,75.8,1.87,160,163,63,4,12.32,21.68,Active,
18,Male,54.7,1.6,167,156,57,4,15.86,21.37,Active,
30,Male,62.2,1.69,164,134,67,3,25.59,21.78,Moderate,
18,Male,97.5,2,169,159,68,2,42.88,24.38,Light,
31,Female,51,1.56,193,140,64,2,25.42,20.96,Light,
18,Male,50.6,1.89,189,130,66,4,27.87,14.17,Active,
31,Female,71,1.81,199,158,68,2,14.52,21.67,Light,
28,Female,70,1.74,198,169,69,4,21.91,23.12,Active,
23,Male,57.8,1.87,172,142,54,3,13.33,16.53,Moderate,
48,Male,67.3,1.61,173,139,59,3,18.23,25.96,Moderate,
52,Female,73.5,1.78,181,162,67,3,18.08,23.2,Moderate,
18,Male,94.7,1.52,161,141,66,3,22.4,40.99,Moderate,
47,Male,40,1.89,177,139,69,3,26.2,11.2,Moderate,
54,Female,63.5,1.51,192,147,70,,17.05,27.85,FALSE,
22,Female,60.1,1.71,198,161,70,5,26.74,20.55,Athletic,
43,Male,70.4,1.62,178,140,66,3,17.91,26.83,Moderate,
31,Male,40,1.77,181,127,51,4,14.09,12.77,Active,
48,Male,55.5,1.5,183,133,51,3,32.42,24.67,Moderate,
51,Male,75.7,1.82,163,147,57,3,22.86,22.85,Moderate,
23,Female,95.6,1.5,196,152,56,2,13.38,42.49,Light,
43,Male,102.5,1.79,190,138,69,4,17.07,31.99,Active,
50,Male,56.6,1.96,196,169,74,3,20.69,14.73,Moderate,
30,Male,40,1.67,176,120,55,3,12.32,14.34,Moderate,
25,Female,74.9,1.66,192,138,58,5,15.98,27.18,Athletic,
19,Female,82.8,1.79,192,127,74,4,21.95,25.84,Active,
45,Female,40,1.93,177,141,56,4,23.52,10.74,Active,
41,Female,73.3,1.71,196,158,56,4,25.83,25.07,Active,
53,Male,55.3,1.98,177,169,51,2,20.9,14.11,Light,
35,Male,95.9,1.69,175,129,58,3,24.01,33.58,Moderate,
33,Male,89.6,1.62,175,137,56,3,25.68,34.14,Moderate,
21,Male,86.3,1.86,167,143,73,3,12.93,24.95,Moderate,
27,Female,71.3,1.8,168,162,71,4,22,22.01,Active,
33,Male,42.7,1.82,196,145,68,4,42.84,12.89,Active,
33,Female,103.3,1.72,180,162,58,2,12.42,34.92,Light,
33,Male,76.8,1.72,193,126,69,4,25.47,25.96,Active,
23,Female,69.1,1.63,198,138,57,2,31.27,26.01,Light,
30,Male,75.6,1.82,196,138,74,3,15.35,22.82,Moderate,
18,Female,42,1.74,197,120,57,3,19.62,13.87,Moderate,
56,Male,62.9,1.5,194,153,74,3,32.25,27.96,Moderate,
22,Female,53.5,1.76,194,137,66,5,17.16,17.27,Athletic,
21,Female,90.7,1.75,190,135,54,3,12.66,29.62,Moderate,
21,Male,74.7,1.59,161,169,74,3,21.53,29.55,Moderate,
50,Male,82.6,1.71,164,160,63,5,12.32,28.25,Athletic,
27,Male,40,1.76,183,125,60,4,12.32,12.91,Active,
27,Female,70.1,1.58,169,156,63,3,24.04,28.08,Moderate,
29,Female,40.2,1.7,184,152,70,3,18.63,13.91,Moderate,
19,Female,76.4,1.79,189,132,57,3,14.21,23.84,Moderate,
39,Male,78.5,1.59,197,153,71,5,16.24,31.05,Athletic,
18,Male,72.1,1.79,194,169,71,2,12.32,22.5,Light,
26,Male,61,1.97,172,140,74,4,24.27,15.72,Active,
20,Female,82.6,1.6,174,149,63,2,15.06,32.27,Light,
34,Male,91.2,1.5,193,165,61,4,24.8,40.53,Active,
18,Male,64.2,1.61,167,147,60,3,12.83,24.77,Moderate,
23,Male,46.7,1.65,164,159,68,4,19.8,17.15,Active,
28,Female,74.2,1.5,191,129,72,3,24.11,32.98,Moderate,
18,Female,64,1.51,176,129,74,5,14.98,28.07,Athletic,
32,Male,52.8,1.61,169,169,70,5,18.1,20.37,Athletic,
26,Male,67.3,1.77,164,147,56,3,21.49,21.48,Moderate,
47,Male,40,1.73,170,160,66,2,26.91,13.36,Light,
26,Female,85.8,1.87,188,162,58,4,18.34,24.54,Active,
19,Male,40,1.59,187,152,73,3,13.85,15.82,Moderate,
26,Female,86.6,2.2,192,120,59,3,17.94,17.89,Moderate,
39,Male,70.7,1.58,189,163,66,3,21.17,28.32,Moderate,
37,Female,40,1.59,190,161,70,4,15.82,15.82,Active,
19,Female,66.7,1.73,172,150,71,3,19.24,22.29,Moderate,
39,Female,72.1,1.52,172,151,73,2,20.85,31.21,Light,
53,Male,80.5,1.64,173,120,60,4,12.32,29.93,Active,
41,Male,77,1.5,190,146,56,4,26.26,34.22,Active,
23,Male,117.8,1.88,168,167,55,3,14.24,33.33,Moderate,
31,Female,76.2,1.64,169,137,72,2,40.63,28.33,Light,
50,Female,57.3,1.72,197,133,56,2,22.6,19.37,Light,
22,Female,103.1,1.72,168,166,59,2,16.79,34.85,Light,
29,Female,77.4,1.69,179,132,74,2,16.23,27.1,Light,
18,Male,84.1,1.78,194,145,64,3,14.46,26.54,Moderate,
29,Male,40,1.86,180,169,63,3,19.92,11.56,Moderate,
42,Male,66,1.6,196,159,52,4,17.81,25.78,Active,
51,Female,84.6,1.77,197,141,55,5,24.89,27,Athletic,
51,Male,100.7,1.75,185,138,73,4,15.9,32.88,Active,
22,Male,58.6,2,165,169,57,4,20.99,14.65,Active,
21,Female,57.4,1.74,179,161,73,3,24.67,18.96,Moderate,
21,Male,69.5,1.54,167,158,72,2,14.68,29.31,Light,
26,Female,42.2,1.91,174,127,72,3,24.27,11.57,Moderate,
18,Male,61.3,1.6,191,135,67,2,14.7,23.95,Light,
18,Male,66.6,1.62,192,156,58,5,12.58,25.38,Athletic,
37,Female,94.4,1.7,193,127,70,4,19.3,32.66,Active,
45,Male,111.9,1.73,177,129,54,4,12.32,37.39,Active,
18,Female,92,1.79,199,169,56,2,20.25,28.71,Light,
18,Female,79.8,1.76,176,167,58,2,25.72,25.76,Light,
51,Male,61.1,1.82,165,163,57,4,45.75,18.45,Active,
18,Female,96,1.82,198,144,58,3,12.32,28.98,Moderate,
27,Female,89.7,1.67,172,130,64,4,17.56,32.16,Active,
34,Female,61,1.69,190,159,63,5,18.07,21.36,Athletic,
31,Female,75.6,1.57,163,152,71,4,26.35,30.67,Active,
23,Female,40,1.76,195,143,71,5,12.32,12.91,Athletic,
54,Female,46.8,1.67,181,169,74,4,22.04,16.78,Active,
19,Female,90.6,1.85,187,131,68,2,19.15,26.47,Light,
47,Female,90.8,1.67,186,120,74,3,18.39,32.56,Moderate,
33,Female,129.9,1.69,168,152,74,5,23.37,45.48,Athletic,
50,Female,69.3,1.74,162,126,62,3,22.79,22.89,Moderate,
19,Female,40,1.77,179,139,74,3,19.2,12.77,Moderate,
27,Male,112.6,1.79,174,167,60,2,22.96,35.14,Light,
49,Male,54.2,1.64,182,147,64,2,23.01,20.15,Light,
46,Male,108.9,1.86,162,165,74,4,27.29,31.48,Active,
37,,69.4,1.61,173,169,66,2,12.32,26.77,Light,
52,Male,40,1.6,194,165,73,4,27.66,15.63,Active,
26,Male,43.2,1.8,185,149,52,4,27.59,13.33,Active,
45,,68.7,1.7,179,126,74,4,24.13,23.77,Active,
18,Female,61.1,1.74,191,159,69,2,16.61,20.18,Light,
38,Male,85.5,1.77,175,156,50,2,16.38,27.29,Light,
18,Female,50.1,1.8,174,125,50,3,29.04,15.46,Moderate,
45,Male,129.9,1.75,197,154,73,5,36.13,42.42,Athletic,
47,Female,93.3,1.73,184,123,62,4,12.32,31.17,Active,
45,Female,73.7,1.7,190,167,67,2,15.88,25.5,Light,
55,Female,69.4,1.56,175,134,70,4,23.63,28.52,Active,
18,Male,86.1,2,180,158,72,2,13.06,21.53,Light,
20,Female,47.3,1.5,198,128,50,2,21.03,21.02,Light,
18,Female,40,1.77,189,137,74,4,16.35,12.77,Active,
46,Female,40.8,1.71,191,162,52,2,39.04,13.95,Light,
43,Male,56.4,1.8,174,161,74,3,21.21,17.41,Moderate,
45,Female,60.7,1.63,170,139,74,3,12.32,22.85,Moderate,
43,Female,40,1.69,187,162,66,2,26.48,14.01,Light,
29,Female,84.4,1.67,184,160,74,5,17.62,30.26,Athletic,
18,Female,67.5,1.71,185,166,58,3,37.91,23.08,Moderate,
21,Female,62.1,1.68,173,158,71,4,15.6,22,Active,
41,Male,83.7,1.92,161,143,59,2,17.48,22.71,Light,
26,Female,80.6,1.86,195,127,53,3,29.21,23.3,Moderate,
33,Male,60.8,1.78,189,147,73,4,19.18,19.19,Active,
18,Male,44.8,1.81,164,152,57,4,19.04,13.67,Active,
21,Male,62.3,1.91,198,141,51,3,17.4,17.08,Moderate,
49,Female,97.4,1.67,171,132,72,3,12.32,34.92,Moderate,
19,Male,51.4,1.78,167,154,70,3,13.61,16.22,Moderate,
31,Male,79.1,1.74,192,167,74,2,13.83,26.13,Light,
43,Male,57.5,2,172,126,64,3,20.98,14.38,Moderate,
43,Female,70.6,1.71,193,148,54,3,22.55,24.14,Moderate,
18,Female,72.5,1.79,173,140,67,5,19.58,22.63,Athletic,
44,Female,68,1.66,182,146,68,5,16.02,24.68,Athletic,
21,Female,121.6,1.78,182,151,50,4,16.63,38.38,Active,
44,Male,55.1,1.9,196,165,55,3,22.13,15.26,Moderate,
58,Female,51.2,1.72,165,139,70,3,36.29,17.31,Moderate,
35,Female,60.8,1.64,161,127,74,3,19.54,22.61,Moderate,
18,Male,49.8,1.96,199,162,74,4,14.35,12.96,Active,
26,Female,64.7,1.75,172,157,52,3,18.21,21.13,Moderate,
24,Female,58.5,1.87,183,128,74,4,24.49,16.73,Active,
31,Female,49.1,1.7,162,167,63,3,15.73,16.99,Moderate,
39,Female,67.8,1.59,164,158,74,5,25,26.82,Athletic,
22,Male,43.3,1.69,176,158,53,2,13.83,15.16,Light,
44,Female,40.8,1.74,177,165,72,3,13.11,13.48,Moderate,
18,Male,71.5,1.69,186,124,60,2,15.8,25.03,Light,
50,Male,41.1,1.51,169,152,63,4,31.59,18.03,Active,
27,Male,52.3,1.6,177,124,66,5,31.64,20.43,Athletic,
28,Male,73.2,1.76,171,159,61,4,12.32,23.63,Active,
41,Female,117.7,1.67,189,123,58,2,17.26,42.2,Light,
31,Male,63.8,1.74,199,140,55,3,25.22,21.07,Moderate,
31,Male,62.1,1.71,172,169,55,3,21.23,21.24,Moderate,
18,Male,52,1.66,199,137,74,3,20.41,18.87,Moderate,
25,Female,73.3,1.5,185,169,67,4,22.55,32.58,Active,
18,Male,50,1.83,163,140,64,3,14.29,14.93,Moderate,
34,Male,90,1.74,194,167,57,4,13.77,29.73,Active,
39,Male,109.6,1.84,199,152,74,2,19.77,32.37,Light,
18,Male,43.5,1.77,161,136,57,5,21.96,13.88,Athletic,
20,Male,115.4,1.73,187,154,63,3,27.02,38.56,Moderate,
22,Male,47.4,1.91,161,164,73,5,15.36,12.99,Athletic,
18,Male,54.6,1.66,189,142,64,2,18.88,19.81,Light,
36,Male,40,2,193,121,60,4,27.96,10,Active,
26,Female,71.2,2,169,159,52,4,27.16,17.8,Active,
53,Female,46.4,1.7,169,120,72,4,14.08,16.06,Active,
18,Female,69.9,1.78,160,143,74,3,12.32,22.06,Moderate,
20,Male,64.9,1.69,187,128,54,4,14.87,22.72,Active,
43,Female,47.6,1.65,198,140,61,3,22.14,17.48,Moderate,
23,Male,48.9,1.7,168,156,65,,21.36,16.92,FALSE,
38,,78.6,1.98,194,136,69,4,25.52,20.05,Active,
51,Female,72.2,1.91,184,140,70,3,17.41,19.79,Moderate,
54,Female,79.8,1.94,163,120,63,4,12.32,21.2,Active,
22,Male,62.8,1.71,182,153,70,3,14.23,21.48,Moderate,
26,Female,122.7,,191,151,72,2,17.44,#DIV/0!,Light,
23,Female,52.4,1.86,166,130,59,4,12.32,15.15,Active,
42,,67.7,1.82,199,125,55,2,21.78,20.44,Light,
34,Female,88.8,1.56,198,160,53,4,30.43,36.49,Active,
29,Female,101.5,1.9,175,165,74,2,25.74,28.12,Light,
18,Male,40,1.72,195,137,52,4,12.77,13.52,Active,
24,Male,40,2,173,126,50,3,34.62,10,Moderate,
,Male,50.5,1.76,192,156,72,4,16.06,16.3,Active,
41,Female,66.2,1.83,196,126,74,5,24.37,19.77,Athletic,
37,Female,77.5,1.5,175,142,70,3,12.32,34.44,Moderate,
30,Female,119.6,1.72,191,150,74,4,13.32,40.43,Active,
38,Male,40,1.5,172,169,59,3,36.71,17.78,Moderate,
18,Male,82.3,1.74,198,155,55,2,17.15,27.18,Light,
54,Male,71.2,1.7,190,120,58,4,12.46,24.64,Active,
34,Male,53,1.92,199,134,68,4,16.18,14.38,Active,
56,Female,45.7,1.96,192,153,71,4,21.34,11.9,Active,
18,Female,79.6,1.75,168,125,54,3,12.32,25.99,Moderate,
42,Female,105.3,1.67,175,143,74,3,12.32,37.76,Moderate,
31,Male,84.5,1.56,194,124,70,2,21.57,34.72,Light,
50,Male,98.6,1.54,187,126,57,3,12.32,41.58,Moderate,
27,Male,55.4,1.72,186,153,74,4,14.56,18.73,Active,
41,Female,40,1.77,168,154,74,5,24.52,12.77,Athletic,
26,Female,63.9,1.75,199,121,72,4,23.96,20.87,Active,
47,Male,40,1.91,185,,74,3,27.2,10.96,Moderate,
31,Female,40,2,192,134,55,2,21.2,10,Light,
27,Male,91.9,1.5,185,154,60,5,21.07,40.84,Athletic,
20,Female,42.4,1.69,198,129,58,,20.39,14.85,FALSE,
21,Male,76.8,1.52,191,140,66,3,25.59,33.24,Moderate,
47,Female,70.7,1.66,195,169,60,4,14.61,25.66,Active,
33,Male,40,1.88,196,162,58,3,21.91,11.32,Moderate,
59,Male,40,1.56,163,167,74,4,12.32,16.44,Active,
43,Male,46.8,1.67,178,141,64,3,14.13,16.78,Moderate,
27,Male,100.7,1.75,163,166,61,3,12.32,32.88,Moderate,
44,Female,73.4,1.59,199,152,72,4,33.25,29.03,Active,
22,Male,63.4,1.83,196,169,71,2,24.61,18.93,Light,
19,Female,129.9,1.71,161,169,56,4,12.32,44.42,Active,
24,Female,48.3,1.73,193,136,62,3,13.22,16.14,Moderate,
45,Female,80.5,1.89,183,134,74,4,12.32,22.54,Active,
35,Female,42.9,1.51,163,131,74,5,13.74,18.81,Athletic,
18,Male,74.6,1.88,177,166,53,5,30.5,21.11,Athletic,
21,Male,66.7,1.93,175,166,63,2,13.53,17.91,Light,
31,Female,55,1.6,172,164,53,4,16.04,21.48,Active,
27,Female,52.3,1.77,193,130,57,4,15.08,16.69,Active,
46,Male,65.7,1.75,192,135,59,2,31.78,21.45,Light,
53,Female,84.7,1.61,193,158,72,3,18.57,32.68,Moderate,
18,,80.4,1.97,172,137,74,3,16.91,20.72,Moderate,
18,Female,63.4,1.85,191,148,69,5,15.64,18.52,Athletic,
48,Female,61.8,1.71,172,140,62,4,23.64,21.13,Active,
53,,64.4,1.58,198,158,74,2,18.33,25.8,Light,
25,Male,44.2,1.9,174,159,50,4,19.26,12.24,Active,
18,Female,43.1,1.75,183,138,53,2,18.14,14.07,Light,
18,Male,92.1,1.59,171,150,54,5,25.66,36.43,Athletic,
31,Male,58.7,1.66,183,149,74,4,12.32,21.3,Active,
44,Female,59.4,1.67,197,164,53,3,19.28,21.3,Moderate,
59,Female,44.5,1.84,183,154,71,2,20.22,13.14,Light,
44,Female,84.8,2,196,155,70,2,14.34,21.2,Light,
57,Female,80,1.79,167,127,54,4,13.16,24.97,Active,
20,Male,87.1,1.91,186,150,51,3,21.51,23.88,Moderate,
27,Male,56.4,1.76,198,129,71,4,17.49,18.21,Active,
32,Male,58.4,2,179,139,60,4,22.61,14.6,Active,
42,Female,68.5,1.75,187,167,54,4,33.91,22.37,Active,
48,Female,77.7,1.76,,156,53,3,25.3,25.08,Moderate,
55,Female,67.1,1.58,199,122,71,4,28.07,26.88,Active,
31,Female,55.7,1.8,168,167,64,4,25.27,17.19,Active,
39,Female,63.2,1.74,181,157,54,5,15.32,20.87,Athletic,
40,Female,64.6,1.55,198,133,74,2,16.91,26.89,Light,
35,Male,55,,172,149,62,3,23.55,#DIV/0!,Moderate,
36,Female,71.9,1.66,177,,73,2,14.97,26.09,Light,
26,Female,56.7,1.73,168,144,71,3,19.65,18.94,Moderate,
48,Male,56,1.7,164,132,50,2,19.44,19.38,Light,
54,Female,74.9,1.69,195,153,62,3,18.71,26.22,Moderate,
55,Female,,1.68,164,156,67,3,28.23,0,Moderate,
18,Female,43,1.95,163,164,68,2,12.32,11.31,Light,
59,Male,70.2,1.77,172,124,68,4,40.19,22.41,Active,
23,Male,96.5,1.8,187,155,68,3,12.32,29.78,Moderate,
30,Male,56.6,2,184,125,52,2,23.89,14.15,Light,
38,Female,40,1.88,164,154,70,2,12.64,11.32,Light,
18,Male,101.2,1.59,198,122,58,4,19.39,40.03,Active,
48,Female,81.9,1.8,180,165,67,4,18.28,25.28,Active,
47,Male,121.4,1.61,164,155,74,2,30.03,46.83,Light,
21,Female,70.5,1.84,173,127,66,5,25.59,20.82,Athletic,
23,Female,70.5,1.65,192,162,50,2,20.02,25.9,Light,
46,Male,54.8,1.69,194,148,74,3,22.85,19.19,Moderate,
42,Male,72,1.9,184,147,67,3,24.6,19.94,Moderate,
29,Male,56.3,1.81,189,166,65,3,22.34,17.19,Moderate,
18,Male,46.5,1.54,198,169,55,5,14.01,19.61,Athletic,
47,Female,51.4,1.88,176,125,58,3,14.3,14.54,Moderate,
43,Male,42.6,1.62,189,169,74,2,21.81,16.23,Light,
18,Male,73,1.78,161,131,50,5,12.32,23.04,Athletic,
50,Male,87.9,1.68,192,151,71,3,31.28,31.14,Moderate,
35,Male,53,1.67,183,128,72,3,16.71,19,Moderate,
43,Female,46.3,1.61,190,136,69,4,14.14,17.86,Active,
50,Male,82.8,1.9,161,130,74,4,28.59,22.94,Active,
53,Female,82.9,1.6,170,148,55,3,12.33,32.38,Moderate,
18,Female,71.9,1.54,177,120,73,3,29.64,30.32,Moderate,
27,Male,41,1.82,171,138,53,4,12.35,12.38,Active,
18,Female,81.9,1.79,178,160,60,3,12.32,25.56,Moderate,
18,Male,67.7,1.69,192,123,57,3,21.16,23.7,Moderate,
22,Female,99.5,1.79,186,122,56,2,23.56,31.05,Light,
31,Female,47.4,1.73,178,150,57,4,20.91,15.84,Active,
18,Male,71.1,1.84,189,127,74,2,30.36,21,Light,
22,Male,89.8,1.79,179,163,59,3,12.32,28.03,Moderate,
28,Female,81.7,1.81,177,130,50,3,34.26,24.94,Moderate,
40,Male,40.4,1.68,171,130,54,4,20.47,14.31,Active,
56,Male,40,1.63,181,133,50,3,20.75,15.06,Moderate,
41,Male,40.2,1.76,198,135,56,4,19.02,12.98,Active,
47,Male,49.9,1.74,190,120,65,5,16.01,16.48,Athletic,
42,Male,41.9,1.84,168,154,71,4,22.97,12.38,Active,
26,Male,40,1.72,164,169,58,5,20.71,13.52,Athletic,
18,Male,47.3,1.75,196,169,56,2,30.5,15.44,Light,
54,Male,79.6,1.87,190,155,53,2,12.32,22.76,Light,
19,Female,76.6,1.84,188,138,71,4,19.76,22.63,Active,
32,Female,69.5,1.65,192,140,52,4,15.8,25.53,Active,
46,Female,68.6,1.63,177,150,58,3,19.42,25.82,Moderate,
46,Male,73,2,184,123,64,5,14.91,18.25,Athletic,
52,Female,40.8,1.71,181,169,73,3,18.31,13.95,Moderate,
19,Male,42.1,1.6,194,148,73,2,16.65,16.45,Light,
34,Male,40,1.82,176,141,66,4,15.3,12.08,Active,
18,Female,67.1,1.71,174,165,74,4,24.9,22.95,Active,
53,Male,67.2,1.68,190,138,55,3,13.91,23.81,Moderate,
29,Male,72.1,2,166,124,67,3,21.75,18.03,Moderate,
49,Female,62,1.87,195,125,74,3,22.02,17.73,Moderate,
52,Male,71.3,1.84,197,126,73,2,12.32,21.06,Light,
28,,85.6,1.54,168,128,59,4,12.32,36.09,Active,
21,Male,51.9,1.57,170,167,73,3,18.89,21.06,Moderate,
33,Male,92.8,1.59,161,150,52,3,15.84,36.71,Moderate,
58,Female,40,1.7,193,120,52,5,12.32,13.84,Athletic,
36,Female,44.9,1.79,166,120,74,3,29.4,14.01,Moderate,
33,Male,78.6,1.7,161,168,65,2,16.53,27.2,Light,
42,Female,54,1.69,179,169,53,3,14.91,18.91,Moderate,
29,Male,53.8,1.66,163,133,64,4,23.95,19.52,Active,
26,Female,91.7,1.58,167,120,52,2,,36.73,Light,
44,Male,63.3,1.88,189,150,74,4,13.03,17.91,Active,
42,Female,98.1,1.73,165,120,69,2,15.29,32.78,Light,
39,Male,129.9,1.81,190,140,74,2,26.54,39.65,Light,
56,,40,1.85,194,158,67,4,21.57,11.69,Active,
32,Male,87.2,1.5,193,152,58,3,16.29,38.76,Moderate,
31,Male,64.8,1.71,174,164,57,4,23.64,22.16,Active,
48,Male,51.6,1.8,181,161,68,4,13.29,15.93,Active,
21,Male,69.4,1.85,177,153,74,3,17.58,20.28,Moderate,
38,Female,77.4,1.54,169,149,50,5,13.58,32.64,Athletic,
58,Female,76.3,1.56,190,145,72,3,16.67,31.35,Moderate,
42,Female,82.3,1.94,198,132,57,3,20.23,21.87,Moderate,
40,Female,95.5,1.84,196,144,68,3,17.55,28.21,Moderate,
19,Male,60.7,1.7,183,128,74,4,35.87,21,Active,
34,Male,40,1.88,188,131,54,3,18.81,11.32,Moderate,
37,Female,63.1,1.84,185,158,56,3,26.39,18.64,Moderate,
51,Female,55.7,1.5,188,143,58,3,28.28,24.76,Moderate,
52,Male,53.1,1.55,184,167,50,5,12.32,22.1,Athletic,
52,Female,65.8,1.82,168,167,71,3,32.86,19.86,Moderate,
18,Female,,1.72,169,136,66,4,26.19,0,Active,
35,Female,40.4,1.71,176,130,70,4,29.32,13.82,Active,
45,Male,40,1.75,194,120,50,3,26.88,13.06,Moderate,
31,Male,40,2,176,162,69,3,30.36,10,Moderate,
27,Male,40,1.68,166,128,59,4,19.67,14.17,Active,
27,Female,60.1,1.94,184,162,74,3,14.02,15.97,Moderate,
18,Male,73,1.89,172,153,56,5,17.22,20.44,Athletic,
35,Female,127.6,1.65,174,156,56,5,15.36,46.87,Athletic,
49,Female,,1.72,171,122,73,4,18.86,0,Active,
18,,40,1.68,178,147,71,4,24.89,14.17,Active,
19,Female,43.6,1.7,168,126,55,4,19.35,15.09,Active,
24,Male,54,1.71,191,169,71,2,15.39,18.47,Light,
44,Male,53.1,1.64,160,160,74,,27.79,19.74,FALSE,
21,Female,87.8,1.88,195,133,74,3,20.22,24.84,Moderate,
42,Male,67.4,1.91,191,146,52,3,23.62,18.48,Moderate,
38,Male,82.7,2,178,138,72,4,24.74,20.68,Active,
33,Male,84,1.7,194,156,73,3,13.38,29.07,Moderate,
18,Female,58.4,1.87,167,168,74,2,17.66,16.7,Light,
48,Male,63.8,1.79,185,135,71,4,25.54,19.91,Active,
45,Male,94.6,1.69,178,147,56,2,15.15,33.12,Light,
21,Female,40,1.58,165,134,69,3,12.47,16.02,Moderate,
59,Female,71.1,1.73,184,125,66,2,34.41,23.76,Light,
19,,116.6,1.72,187,126,70,3,16.61,39.41,Moderate,
36,Female,55,1.77,161,142,74,2,21.97,17.56,Light,
33,Female,76.3,1.88,169,161,69,4,14.97,21.59,Active,
22,Female,48.6,1.72,177,156,70,3,20.42,16.43,Moderate,
42,Male,57.3,1.73,194,153,65,4,19.54,19.15,Active,
36,Female,55.9,1.76,181,169,74,5,12.32,18.05,Athletic,
41,Male,73.2,2,179,161,58,2,18.61,18.3,Light,
23,Male,58.7,1.69,189,135,,2,23.64,20.55,Light,
24,Female,91.8,1.82,171,140,52,4,24.37,27.71,Active,
42,Female,47.7,1.72,183,150,57,3,14.27,16.12,Moderate,
55,Female,51.9,1.64,171,150,68,5,25.06,19.3,Athletic,
36,Male,60.1,1.78,186,169,51,3,16.06,18.97,Moderate,
18,Female,40,1.56,196,149,56,2,12.98,16.44,Light,
23,Female,64.7,2,184,169,55,5,20.45,16.18,Athletic,
24,Male,73,1.61,188,131,60,2,12.36,28.16,Light,
41,Male,90.3,1.76,180,,70,4,12.32,29.15,Active,
48,Female,79.1,1.63,168,135,53,4,27.86,29.77,Active,
47,Female,82.2,1.72,174,126,70,2,12.4,27.79,Light,
54,Male,40,1.79,162,162,54,5,22.6,12.48,Athletic,
33,Female,60.7,1.57,179,135,69,3,15.19,24.63,Moderate,
29,,48.9,1.7,194,145,55,5,28.96,16.92,Athletic,
50,Female,76.4,1.54,172,133,71,3,33.64,32.21,Moderate,
49,Female,95.6,1.67,164,134,74,3,14.67,34.28,Moderate,
25,Female,85.1,1.98,185,148,58,4,14.37,21.71,Active,
34,Female,72.9,1.71,164,122,73,2,20.67,24.93,Light,
30,Female,42.2,1.63,177,134,74,3,28.27,15.88,Moderate,
49,Male,40,1.76,193,124,72,4,16.86,12.91,Active,
18,Male,51.8,1.58,164,164,51,3,16.04,20.75,Moderate,
31,Male,91.5,,189,169,58,3,19.09,#DIV/0!,Moderate,
22,Male,64.6,2,196,137,73,3,22.43,16.15,Moderate,
47,Male,66.5,1.79,193,155,51,5,16.95,20.75,Athletic,
54,Male,55.2,1.8,168,137,55,4,23.47,17.04,Active,
49,Female,105.3,1.83,165,150,70,3,39.35,31.44,Moderate,
18,Male,74.1,1.76,170,135,62,3,13.25,23.92,Moderate,
46,Female,40,1.75,170,142,63,4,12.41,13.06,Active,
18,Male,91.1,1.76,197,162,59,3,14.34,29.41,Moderate,
21,Female,49.2,1.64,177,164,53,3,23.08,18.29,Moderate,
44,Female,87.8,1.77,163,157,67,4,12.32,28.03,Active,
48,Female,40,1.77,180,127,54,5,18.51,12.77,Athletic,
48,Female,60,1.92,165,140,72,2,32.68,16.28,Light,
21,Male,56.1,1.54,\t182,168,52,4,18.76,23.65,Active,
51,Female,46.2,1.73,192,169,62,,14.87,15.44,FALSE,
36,Male,68.2,1.91,188,131,69,3,,18.69,Moderate,
44,Male,56.1,1.68,191,152,69,4,17.28,19.88,Active,
24,Male,51.7,1.93,182,158,70,2,16.29,13.88,Light,
51,Male,65.8,1.62,191,169,74,2,21.21,25.07,Light,
32,Female,40,1.88,174,148,50,2,12.32,11.32,Light,
45,Male,59.5,1.61,194,121,55,4,21.71,22.95,Active,
58,Male,73.5,1.93,175,169,61,2,14.74,19.73,Light,
21,Male,54.7,1.56,191,157,55,4,,22.48,Active,
18,Female,52.1,1.73,183,135,74,3,12.32,17.41,Moderate,
59,Female,60.6,1.92,180,168,55,3,30.51,16.44,Moderate,
20,Female,104.3,1.79,197,158,72,2,16.4,32.55,Light,
39,Female,65.3,1.61,187,141,74,3,21.86,25.19,Moderate,
52,Male,47.8,1.79,168,144,68,5,17.21,14.92,Athletic,
18,Female,51.1,1.83,180,130,57,3,16.85,15.26,Moderate,
34,Male,62.5,1.87,185,167,73,4,31.91,17.87,Active,
59,Female,57.4,1.56,190,156,72,3,25.59,23.59,Moderate,
37,Male,108.7,1.55,163,122,68,4,26.23,45.24,Active,
41,Female,40,1.6,164,143,73,5,15.53,15.63,Athletic,
53,Female,65.2,1.72,196,152,50,,22.39,22.04,FALSE,
23,Male,90,1.58,172,164,60,4,12.32,36.05,Active,
28,Female,91.6,1.68,191,128,59,2,12.48,32.45,Light,
48,Female,84.1,1.69,187,136,56,3,16.11,29.45,Moderate,
43,Female,57.8,1.57,190,142,56,4,20.73,23.45,Active,
55,Female,100,1.63,183,155,74,3,12.32,37.64,Moderate,
30,Female,61.9,1.55,181,150,72,3,12.32,25.76,Moderate,
19,Male,58.6,1.64,187,135,66,3,21.91,21.79,Moderate,
21,Male,80.8,1.8,195,137,64,3,21.28,24.94,Moderate,
21,Female,42.7,1.81,166,139,71,3,12.32,13.03,Moderate,
29,Male,60.9,1.86,191,152,60,4,42.08,17.6,Active,
40,Male,78.8,1.7,176,169,63,2,17.55,27.27,Light,
37,Female,85.3,1.69,162,136,71,4,19.95,29.87,Active,
47,Female,84.8,1.58,180,157,54,5,17.99,33.97,Athletic,
50,Female,72.7,1.74,191,,67,3,12.32,24.01,Moderate,
43,Male,57.4,1.69,166,143,66,3,13.31,20.1,Moderate,
33,Male,40,1.81,189,157,71,2,16.68,12.21,Light,
33,Female,129.9,1.56,189,138,73,3,24.54,53.38,Moderate,
50,Male,55,1.5,177,120,69,4,26.53,24.44,Active,
45,Male,,1.7,162,120,63,4,13.71,0,Active,
18,Male,41.6,1.94,168,153,57,4,19.74,11.05,Active,
43,Male,56.9,1.68,161,154,61,3,21.48,20.16,Moderate,
20,Female,84.8,1.74,165,151,59,4,14.13,28.01,Active,
24,Female,96.9,1.88,181,166,72,3,30.18,27.42,Moderate,
24,Male,81.2,1.56,182,166,66,4,31.34,33.37,Active,
53,Female,70.5,1.9,198,146,69,5,16.4,19.53,Athletic,
38,Male,58.7,1.72,189,152,58,3,23.03,19.84,Moderate,
26,Male,62,1.65,199,142,56,2,13.96,22.77,Light,
18,Male,100.6,1.74,179,138,68,2,20.9,33.23,Light,
33,Female,63,1.71,189,126,57,3,15.02,21.55,Moderate,
45,Male,52.7,1.82,172,129,69,3,24.95,15.91,Moderate,
29,Male,79.4,1.71,186,124,74,3,27.97,27.15,Moderate,
18,,87.4,1.87,182,162,65,2,12.32,24.99,Light,
57,Female,57.6,1.86,169,120,73,,14.02,16.65,FALSE,
37,Male,108.5,1.97,192,120,74,2,23.59,27.96,Light,
52,Female,75.7,1.61,,139,64,2,17.49,29.2,Light,
34,Female,73.9,1.75,192,165,74,3,22.1,24.13,Moderate,
57,Male,67.9,1.78,187,163,59,3,,21.43,Moderate,
36,Male,72.8,1.63,184,130,68,3,12.32,27.4,Moderate,
34,Female,57.6,1.7,167,141,68,3,15.66,19.93,Moderate,
48,Female,49.3,1.74,179,142,74,4,19.2,16.28,Active,
18,Male,41.6,1.85,181,169,52,5,12.32,12.15,Athletic,
33,Male,65.6,1.87,189,168,56,2,17.53,18.76,Light,
35,Female,47.5,1.81,,124,69,3,26.59,14.5,Moderate,
19,,86.3,1.89,164,131,74,,28.62,24.16,FALSE,
43,Female,73.6,1.79,170,169,72,4,14.69,22.97,Active,
48,,40,2,194,159,70,4,21.29,10,Active,
49,Female,56,1.6,183,169,66,5,20.47,21.88,Athletic,
48,Female,40,1.66,189,120,74,3,12.32,14.52,Moderate,
44,Female,88.2,1.88,192,169,51,4,12.32,24.95,Active,
27,Female,55.8,1.67,192,167,74,3,28.68,20.01,Moderate,
41,Male,73.2,1.75,190,137,58,2,23.65,23.9,Light,
44,Male,40,1.72,179,124,74,5,20.78,13.52,Athletic,
54,Male,58.5,1.96,185,133,60,3,18.11,15.23,Moderate,
45,Female,57.5,1.55,190,123,54,3,17.65,23.93,Moderate,
24,Female,55.6,1.73,175,120,71,4,22.74,18.58,Active,
55,Female,,1.83,194,162,72,3,17.74,0,Moderate,
32,Female,42.4,1.79,176,135,56,2,18.17,13.23,Light,
18,,40,1.68,163,137,61,4,19.34,14.17,Active,
33,Female,77,1.69,191,154,58,4,12.32,26.96,Active,
28,Female,74.7,1.69,163,158,58,4,13.79,26.15,Active,
59,Male,65.1,1.68,161,144,62,5,23.59,23.07,Athletic,
21,Female,40,1.8,176,122,73,3,19.84,12.35,Moderate,
23,Male,64.3,1.58,160,123,62,4,19.45,25.76,Active,
20,Female,43.6,1.6,165,141,60,4,15.52,17.03,Active,
21,Male,100.4,1.62,188,128,73,2,33.21,38.26,Light,
48,Female,73.8,1.88,191,151,59,4,12.32,20.88,Active,
23,Male,52.3,1.74,184,122,65,4,18.17,17.27,Active,
51,Male,57.3,1.71,188,169,50,2,19.69,19.6,Light,
30,Male,70.7,1.64,196,136,,5,20.83,26.29,Athletic,
20,Male,92.8,2,195,154,58,4,16.6,23.2,Active,
18,Male,56.2,1.75,164,127,57,4,17.29,18.35,Active,
24,Female,65.3,1.74,178,168,63,4,19.87,21.57,Active,
37,Male,60.2,1.76,194,169,72,4,32.81,19.43,Active,
54,Female,56.6,1.67,199,123,60,5,12.32,20.29,Athletic,
30,Female,40,1.83,188,137,71,5,20.31,11.94,Athletic,
21,,105.4,1.77,188,169,72,3,25.09,33.64,Moderate,
34,Male,63.8,1.8,192,129,54,4,14.24,19.69,Active,
42,Female,58.4,1.7,164,156,50,,16.68,20.21,FALSE,
43,Female,43.9,1.82,173,164,72,3,19.29,13.25,Moderate,
24,Male,46,1.71,\n175,126,59,2,15.44,15.73,Light,
37,Female,58,1.89,\t182,163,72,5,23.79,16.24,Athletic,
55,Female,91.1,1.85,190,149,74,3,29.5,26.62,Moderate,
43,Female,40,1.55,172,159,59,3,21.42,16.65,Moderate,
59,Male,40,,185,132,50,4,12.32,#DIV/0!,Active,
49,Female,40,1.89,192,168,50,3,16.63,11.2,Moderate,
27,Female,96.8,1.73,174,136,71,3,19.05,32.34,Moderate,
18,Male,80.5,,196,159,55,2,22.13,#DIV/0!,Light,
36,Male,69,1.76,191,153,73,4,13.89,22.28,Active,
20,Male,43.5,1.52,189,146,63,4,25.35,18.83,Active,
55,Male,54.2,1.62,197,127,56,2,20.94,20.65,Light,
34,Male,59.8,1.77,186,151,55,3,24.41,19.09,Moderate,
18,Female,52.2,1.75,171,165,72,4,12.48,17.04,Active,
40,Male,45.4,1.84,167,156,50,4,12.32,13.41,Active,
28,Female,62.1,1.68,191,130,74,4,28.14,22,Active,
26,Male,72.8,1.57,196,138,61,2,16.61,29.53,Light,
27,Female,73.5,1.92,168,155,50,5,18.37,19.94,Athletic,
22,Male,78.4,1.66,182,168,70,3,19.29,28.45,Moderate,
51,Female,87.1,1.77,185,126,60,2,12.9,27.8,Light,
45,Male,76.3,1.67,177,168,50,3,14.42,27.36,Moderate,
33,Female,75.5,1.85,181,147,59,3,18.19,22.06,Moderate,
44,Female,49.3,1.55,193,168,72,5,21.77,20.52,Athletic,
56,Female,92,1.86,184,167,71,5,31.52,26.59,Athletic,
35,Male,44,1.59,168,144,54,2,27.49,17.4,Light,
46,Male,92.6,1.76,197,144,74,2,12.37,29.89,Light,
59,,50.2,1.6,174,169,55,4,13.4,19.61,Active,
23,Male,83,1.74,160,120,72,5,15.13,27.41,Athletic,
21,Female,78.5,1.8,179,169,59,4,22.33,24.23,Active,
56,Female,56.2,1.69,198,155,74,2,21.59,19.68,Light,
58,Male,87.4,1.64,188,148,57,3,16.94,32.5,Moderate,
26,Male,92.2,1.59,176,143,55,4,23,36.47,Active,
18,Male,83.1,1.94,188,153,56,3,17.84,22.08,Moderate,
36,Female,47.1,1.72,194,145,50,3,17.46,15.92,Moderate,
18,Male,53.1,1.7,181,169,73,4,,18.37,Active,
53,Female,76.2,1.67,185,142,68,3,18.46,27.32,Moderate,
46,Female,48.4,1.82,163,163,68,5,12.32,14.61,Athletic,
24,Female,47.3,1.92,189,155,74,5,12.34,12.83,Athletic,
46,Male,91.8,,191,152,71,3,23.11,#DIV/0!,Moderate,
31,Female,71.4,1.68,180,143,68,2,21.59,25.3,Light,
24,Male,103.6,1.88,175,154,60,3,13.85,29.31,Moderate,
35,Female,81,1.78,196,151,67,3,19.74,25.56,Moderate,
55,Female,94.9,1.52,196,120,73,2,12.32,41.08,Light,
21,Female,80,1.67,167,169,57,3,17.15,28.69,Moderate,
29,Female,40,1.77,191,169,58,4,29.56,12.77,Active,
35,Male,69.5,1.68,172,155,59,3,16.62,24.62,Moderate,
37,Male,48.3,1.81,167,134,69,3,20.81,14.74,Moderate,
18,Male,44.8,1.67,193,137,61,4,12.32,16.06,Active,
54,Male,68.9,1.78,187,155,60,3,17.82,21.75,Moderate,
44,Female,63.6,1.77,161,169,50,3,17.92,20.3,Moderate,
27,Female,40,1.72,178,132,72,4,17.8,13.52,Active,
35,Female,66.7,1.72,171,153,65,4,22.98,22.55,Active,
44,Male,47.3,1.72,198,164,70,4,23.85,15.99,Active,
39,Female,70.3,1.74,170,152,59,3,17.03,23.22,Moderate,
49,Female,74.7,1.81,176,132,,3,14.58,22.8,Moderate,
26,Male,57.8,1.61,162,135,65,3,12.32,22.3,Moderate,
18,Male,40,1.72,193,138,74,2,32.62,13.52,Light,
33,Male,79.8,1.53,172,148,72,3,16.6,34.09,Moderate,
18,,75.8,1.99,191,167,71,4,15.4,19.14,Active,
47,Female,74.7,1.77,195,130,68,4,24.44,23.84,Active,
40,Female,83.6,1.84,175,137,,5,20.2,24.69,Athletic,
38,Male,101.8,1.51,163,169,72,4,20.89,44.65,Active,
25,Female,56.8,,191,150,61,3,19.28,#DIV/0!,Moderate,
42,Female,86.7,1.7,196,135,68,3,17.49,30,Moderate,
18,Male,40.9,1.87,160,140,50,4,39.61,11.7,Active,
28,Male,87.3,1.51,190,168,56,4,14.46,38.29,Active,
26,Male,89.2,1.81,161,169,61,4,27.63,27.23,Active,
23,Male,75.9,1.81,196,125,55,3,12.32,23.17,Moderate,
30,Male,100.1,1.76,170,160,55,3,15.73,32.32,Moderate,
18,Female,80.8,1.85,188,141,74,2,14.81,23.61,Light,
58,Female,68.6,1.72,164,155,72,2,12.32,23.19,Light,
46,Female,45.7,1.96,168,137,64,2,22.82,11.9,Light,
19,Female,55.2,1.71,172,136,74,4,20.85,18.88,Active,
31,Female,91.7,1.74,172,166,56,4,12.32,30.29,Active,
47,Male,78.7,1.69,170,144,57,4,22,27.56,Active,
28,Female,40,1.57,165,169,68,2,15.05,16.23,Light,
22,Male,47.1,1.87,165,132,68,2,34.98,13.47,Light,
23,Male,85.1,1.79,194,138,55,4,19.2,26.56,Active,
48,Female,87.9,1.5,180,164,68,4,13.04,39.07,Active,
24,Female,74.2,1.58,177,140,71,4,30.92,29.72,Active,
33,Male,,1.8,160,155,74,4,18.21,0,Active,
22,Male,49.6,1.87,190,137,54,5,14.25,14.18,Athletic,
18,Male,63.9,1.86,161,147,51,2,24.05,18.47,Light,
43,Male,75,1.8,170,141,61,3,,23.15,Moderate,
54,Male,69.8,1.75,170,131,72,2,21.66,22.79,Light,
42,Female,40.5,1.64,196,137,59,5,12.32,15.06,Athletic,
18,Female,43.8,1.96,193,142,50,2,21.88,11.4,Light,
24,Female,45.7,1.63,199,144,71,2,12.32,17.2,Light,
43,Male,40,1.73,161,146,69,2,12.61,13.36,Light,
25,Male,40.8,1.69,194,145,54,4,22.31,14.29,Active,
59,Male,82,1.51,185,121,70,4,24.72,35.96,Active,
29,Female,60.9,1.92,192,151,67,5,43.3,16.52,Athletic,
27,Male,55,1.68,169,136,64,4,18.54,19.49,Active,
23,Female,59,1.62,193,162,56,5,17.71,22.48,Athletic,
34,Female,80,2,173,125,56,4,14.62,20,Active,
24,Male,44.3,1.65,189,129,56,2,15.86,16.27,Light,
24,Male,63.6,1.74,199,135,61,2,25.85,21.01,Light,
29,Female,50.2,1.89,197,125,51,2,15.27,14.05,Light,
58,Male,43.6,1.67,176,142,74,4,28.29,15.63,Active,
38,Male,60.5,1.72,187,139,50,4,25.58,20.45,Active,
34,Male,92.4,1.79,,128,52,5,12.85,28.84,Athletic,
39,Female,76.7,1.86,193,122,65,3,17.75,22.17,Moderate,
38,Male,,1.7,181,144,56,4,14.96,0,Active,
18,Male,71.9,1.88,177,159,57,3,15.96,20.34,Moderate,
25,Female,59.2,1.84,168,160,51,4,13.81,17.49,Active,
27,Male,57.4,1.89,193,128,51,4,16,16.07,Active,
33,Male,69.5,1.75,178,131,74,3,21.58,22.69,Moderate,
23,Male,47.4,1.96,161,142,65,3,21.34,12.34,Moderate,
33,Male,76.5,1.75,198,139,57,3,32.82,24.98,Moderate,
18,Female,53.5,1.68,198,134,74,5,23.57,18.96,Athletic,
25,Female,83.1,1.72,182,167,67,4,12.32,28.09,Active,
47,Female,70.4,1.93,177,153,74,3,12.32,18.9,Moderate,
39,Female,50.3,1.94,164,160,66,4,14.72,13.36,Active,
28,Female,65.3,1.68,161,145,73,5,25.26,23.14,Athletic,
20,Male,66.2,1.85,196,120,58,4,12.32,19.34,Active,
19,Female,51.4,1.84,169,152,58,5,16.95,15.18,Athletic,
58,Female,78.3,1.52,176,123,74,3,25.33,33.89,Moderate,
31,Female,79.4,1.56,171,126,69,3,26.3,32.63,Moderate,
25,Male,72.5,1.78,177,142,67,4,12.32,22.88,Active,
21,Male,92.1,1.77,175,167,74,4,17.16,29.4,Active,
55,Female,72.6,1.55,191,137,50,3,19.76,30.22,Moderate,
40,Male,76.7,1.68,177,133,57,2,23.76,27.18,Light,
39,Male,91,1.73,165,169,72,2,22.08,30.41,Light,
26,Female,78.3,1.58,184,141,68,3,28.61,31.37,Moderate,
26,Female,54.2,1.64,190,151,65,2,19.39,20.15,Light,
42,Male,108.5,1.85,,167,74,2,15.62,31.7,Light,
18,Male,83.2,1.62,169,156,57,4,18.69,31.7,Active,
19,Female,64.8,1.6,189,149,59,4,21.61,25.31,Active,
25,Female,45.5,1.58,182,136,69,2,15.04,18.23,Light,
42,Female,59,1.89,175,142,63,5,17.68,16.52,Athletic,
43,Female,89.2,1.73,163,135,67,3,25.4,29.8,Moderate,
47,Female,108.3,1.67,176,169,69,2,13.44,38.83,Light,
30,Male,87.9,1.62,178,138,65,4,34.99,33.49,Active,
48,Female,45.9,1.94,169,141,74,5,12.32,12.2,Athletic,
18,Male,107,1.75,177,155,71,5,27.94,34.94,Athletic,
39,Male,40.7,1.84,197,145,55,4,22.28,12.02,Active,
18,Male,65.3,1.6,177,153,74,4,18.84,25.51,Active,
50,Female,88.5,2,181,146,72,4,17.26,22.13,Active,
27,Female,62.5,1.67,186,129,65,3,26.22,22.41,Moderate,
43,Female,79,1.73,186,158,55,4,19.64,26.4,Active,
27,Female,40,1.85,177,156,65,5,22.49,11.69,Athletic,
19,Male,51.8,1.6,176,159,72,4,16.69,20.23,Active,
38,Female,89.3,1.58,184,135,58,4,19.02,35.77,Active,
27,,80,1.86,177,153,74,2,19.41,23.12,Light,
33,Male,40,1.75,185,125,54,3,17.77,13.06,Moderate,
50,Female,102.6,1.62,198,138,66,5,18.48,39.09,Athletic,
18,Male,69.2,1.62,164,167,62,5,33.3,26.37,Athletic,
19,Male,75.3,1.67,166,130,58,3,23.17,27,Moderate,
45,Male,45.9,1.51,195,142,57,3,12.32,20.13,Moderate,
59,Male,66.9,1.57,178,120,71,2,20.4,27.14,Light,
42,Female,50.3,1.69,199,159,69,3,,17.61,Moderate,
32,Male,68.7,1.77,186,,63,3,17.39,21.93,Moderate,
37,Male,44.2,1.5,194,154,74,2,20.62,19.64,Light,
18,Female,46,1.79,177,140,68,3,18,14.36,Moderate,
18,Male,74.8,1.76,186,134,68,4,23.47,24.15,Active,
54,Male,46.3,1.62,161,138,60,4,19.44,17.64,Active,
24,Male,87.1,1.9,196,122,51,3,36.55,24.13,Moderate,
43,Female,40,1.89,169,134,54,4,12.32,11.2,Active,
18,Female,49.3,1.71,162,160,52,5,14.06,16.86,Athletic,
18,Female,67.9,1.81,194,137,73,2,12.32,20.73,Light,
33,Male,49.7,1.82,179,169,71,4,21.87,15,Active,
49,Male,88.4,1.75,192,145,74,3,12.42,28.87,Moderate,
48,Male,45.8,,167,135,53,4,19.27,#DIV/0!,Active,
19,Male,129.9,1.82,182,158,70,,17.37,39.22,FALSE,
35,Male,40.3,1.79,183,120,68,5,13.37,12.58,Athletic,
34,Male,72.1,1.78,167,163,58,3,12.32,22.76,Moderate,
50,Female,103.8,1.54,185,169,56,3,12.32,43.77,Moderate,
18,Male,41,1.97,189,149,63,2,12.32,10.56,Light,
36,Female,85.1,1.73,194,156,74,4,13.22,28.43,Active,
18,Male,81,1.64,175,169,74,2,13.42,30.12,Light,
47,Female,74.1,1.87,168,123,70,3,21.54,21.19,Moderate,
32,,72.1,1.71,173,156,72,2,17.91,24.66,Light,
45,Female,47.9,1.71,194,169,70,3,20.37,16.38,Moderate,
25,Male,113.3,1.75,187,155,74,3,21.36,37,Moderate,
23,Male,56.8,1.83,197,152,56,4,,16.96,Active,
23,Female,78.2,1.9,180,131,55,3,29.89,21.66,Moderate,
25,Male,40,1.68,175,123,66,3,14.27,14.17,Moderate,
59,Male,40,1.78,179,139,59,,19.22,12.62,FALSE,
23,Female,69.2,1.73,180,165,70,4,21.96,23.12,Active,
48,Female,91.3,1.58,175,152,72,2,19.62,36.57,Light,
46,Male,68.2,1.88,172,167,70,5,32.75,19.3,Athletic,
18,Female,45.1,1.86,182,169,64,2,18.99,13.04,Light,
20,Male,70.5,1.65,179,144,74,2,12.32,25.9,Light,
18,Female,54.2,1.68,199,137,74,2,15.66,19.2,Light,
18,Female,83.6,1.86,170,162,74,2,24.77,24.16,Light,
37,Female,58,1.6,168,143,52,4,22.2,22.66,Active,
27,Female,45.6,,177,146,74,4,26.74,#DIV/0!,Active,
52,Female,40,1.91,194,151,59,4,23.62,10.96,Active,
30,Female,40,1.62,166,164,73,5,14.53,15.24,Athletic,
23,Female,83.5,1.5,194,142,63,4,12.32,37.11,Active,
22,Female,81.9,1.8,163,146,74,5,28.26,25.28,Athletic,
40,Male,45.2,1.74,180,136,74,,18.36,14.93,FALSE,
49,Male,60.2,1.62,162,155,72,3,16.85,22.94,Moderate,
51,,47.3,1.74,194,148,55,3,24.75,15.62,Moderate,
28,Male,69.3,1.61,187,140,53,,32.49,26.74,FALSE,
33,Female,40,1.79,189,144,67,3,15.69,12.48,Moderate,
48,Male,87.3,2,190,159,61,5,18.2,21.83,Athletic,
49,Male,40,1.77,175,127,73,3,25.41,12.77,Moderate,
26,Female,55.4,2,,124,62,3,19.35,13.85,Moderate,
18,Male,50.9,1.73,170,137,58,2,17.61,17.01,Light,
55,Female,59.9,1.53,178,157,54,4,31.33,25.59,Active,
44,Male,66.8,1.97,194,126,65,4,23.14,17.21,Active,
50,Male,97,1.65,191,133,70,5,27.51,35.63,Athletic,
37,Male,75.8,1.63,192,131,64,4,14,28.53,Active,
21,Female,51.6,1.5,175,149,66,3,24.7,22.93,Moderate,
27,Female,55.4,1.88,187,134,53,5,14.33,15.67,Athletic,
23,Male,72.9,1.51,190,164,57,2,40.08,31.97,Light,
30,Female,80.2,1.91,192,135,62,2,28.49,21.98,Light,
,Male,97.2,1.73,175,165,72,,16.19,32.48,FALSE,
45,Male,121.2,1.67,186,133,55,4,30.69,43.46,Active,
36,Female,100.2,1.93,199,166,60,4,16.49,26.9,Active,
54,Male,56.4,1.55,186,135,74,3,20.19,23.48,Moderate,
45,Male,84.1,1.71,161,169,56,3,38.83,28.76,Moderate,
51,Male,52,1.92,173,164,74,2,14.05,14.11,Light,
25,Male,70.7,1.7,165,160,53,3,18.29,24.46,Moderate,
52,Female,50.8,1.8,199,159,63,4,16.16,15.68,Active,
28,,48.7,1.6,175,133,59,2,21.98,19.02,Light,
24,,51.3,1.69,174,153,74,3,21.88,17.96,Moderate,
42,Female,77,1.63,185,136,68,5,15.93,28.98,Athletic,
31,Female,50.1,1.69,185,169,64,4,22.3,17.54,Active,
45,Female,99.3,1.93,182,137,50,3,33.26,26.66,Moderate,
18,Male,89.2,1.88,189,167,58,4,13.63,25.24,Active,
18,Female,70.8,1.96,196,130,61,3,12.32,18.43,Moderate,
50,Male,59.1,1.74,181,156,51,2,24.07,19.52,Light,
46,Female,67.5,1.76,160,150,74,4,17.39,21.79,Active,
46,Male,91.4,1.71,183,136,58,4,,31.26,Active,
27,Female,41.4,1.69,191,169,56,5,16.26,14.5,Athletic,
24,Female,80,1.59,198,125,70,3,14.62,31.64,Moderate,
24,Male,95.5,1.57,181,158,67,4,26.3,38.74,Active,
18,Male,66.9,1.76,163,169,55,3,16.52,21.6,Moderate,
18,Male,82.8,1.5,197,134,74,3,19.41,36.8,Moderate,
26,Male,79.7,1.64,194,148,55,4,26.9,29.63,Active,
18,Female,80.4,1.79,171,169,74,3,15.03,25.09,Moderate,
33,Female,71.8,1.51,190,167,59,4,12.97,31.49,Active,
35,Male,73.4,1.57,169,138,67,4,25.05,29.78,Active,
54,Female,45.8,1.62,163,135,66,4,17.99,17.45,Active,
44,Female,106.8,1.65,171,143,71,3,25.4,39.23,Moderate,
19,Male,59.8,1.7,181,120,73,3,22.56,20.69,Moderate,
45,Female,88.4,1.5,181,132,66,3,28.39,39.29,Moderate,
44,Male,52.5,1.65,174,169,51,2,16.41,19.28,Light,
58,Male,56.5,1.76,180,139,74,2,28.26,18.24,Light,
18,Male,49.9,1.74,177,161,70,4,17.53,16.48,Active,
30,,62.3,1.82,174,160,64,3,22.26,18.81,Moderate,
18,Female,76.1,1.64,196,169,63,3,33.24,28.29,Moderate,
18,Female,40,1.74,160,145,74,,24.44,13.21,FALSE,
18,Male,91.1,1.7,,137,68,2,18.24,31.52,Light,
28,Female,67.1,1.9,184,169,59,3,12.32,18.59,Moderate,
18,Female,53.9,1.69,187,169,56,3,15.23,18.87,Moderate,
34,Female,79.3,1.65,181,149,64,2,24.84,29.13,Light,
18,Female,40,1.88,165,145,71,2,14.1,11.32,Light,
35,Male,75.7,1.74,189,136,74,2,12.47,25,Light,
29,Male,82.5,1.79,190,132,69,2,34.85,25.75,Light,
19,Male,40,1.84,199,123,74,3,16.34,11.81,Moderate,
20,Female,73,1.59,175,165,70,5,15.01,28.88,Athletic,
23,Female,56.5,1.97,169,151,56,3,13.2,14.56,Moderate,
33,Male,78.7,1.61,193,137,55,,19.47,30.36,FALSE,
27,Male,75.4,1.58,192,169,63,3,15.63,30.2,Moderate,
48,Male,59.6,1.78,181,152,53,4,12.32,18.81,Active,
29,Female,57.2,1.84,168,141,74,5,29.68,16.9,Athletic,
39,Female,74.3,1.63,178,169,57,3,20.29,27.96,Moderate,
46,Male,64.4,1.82,186,121,72,3,28.07,19.44,Moderate,
42,Male,,,182,140,60,2,22.4,#DIV/0!,Light,
54,Male,63.8,1.92,188,131,57,5,26.75,17.31,Athletic,
21,Female,45.1,1.87,192,138,69,5,19.64,12.9,Athletic,
27,Male,63.7,1.86,183,,70,3,18.88,18.41,Moderate,
30,Female,,1.81,179,144,50,2,14.43,0,Light,
58,,59,1.78,166,144,74,5,22.67,18.62,Athletic,
20,Male,57.1,1.66,168,146,74,2,17.57,20.72,Light,
43,Male,68.8,1.79,188,122,73,4,14.27,21.47,Active,
26,Female,62.9,1.69,192,139,69,4,12.32,22.02,Active,
55,Female,98.6,1.6,197,167,74,4,14.29,38.52,Active,
25,Female,102.8,2,166,131,73,,14.05,25.7,FALSE,
36,Male,45.8,1.59,177,126,74,3,30.03,18.12,Moderate,
53,Female,47.5,1.66,166,156,55,3,32.14,17.24,Moderate,
52,Male,88,1.87,180,128,74,4,27.54,25.17,Active,
43,Male,76.3,1.66,188,164,58,3,28.19,27.69,Moderate,
31,Female,85.9,1.7,162,143,56,3,12.78,29.72,Moderate,
28,Male,93.7,1.77,192,142,57,2,23.62,29.91,Light,
26,Male,83.6,1.79,171,128,72,3,27.91,26.09,Moderate,
38,Male,101.4,2,190,169,63,4,38.99,25.35,Active,
36,,77.6,1.6,183,165,72,3,12.44,30.31,Moderate,
28,,44.7,1.68,166,160,62,2,17.59,15.84,Light,
40,Male,79.9,1.51,175,169,64,5,14.09,35.04,Athletic,
45,Female,70.2,1.82,167,139,67,4,13.6,21.19,Active,
40,Female,44.2,1.7,161,160,64,3,24.1,15.29,Moderate,
49,Male,90.6,1.78,181,130,63,3,15.66,28.59,Moderate,
40,Female,56.8,1.54,166,167,71,4,12.32,23.95,Active,
51,Female,48.7,1.5,168,140,58,2,12.32,21.64,Light,
41,Female,72.3,1.66,165,142,74,4,23.85,26.24,Active,
43,Female,68,1.78,183,120,58,4,17.25,21.46,Active,
44,Male,46.7,1.81,191,132,58,4,23.21,14.25,Active,
30,Male,59.4,1.87,190,122,50,4,23.2,16.99,Active,
18,Female,75.9,1.7,183,151,51,2,24.94,26.26,Light,
47,Female,45.1,1.73,193,152,57,3,14.58,15.07,Moderate,
25,Female,64.6,1.51,194,127,55,2,17.74,28.33,Light,
18,Female,68.7,1.6,163,135,61,3,33.26,26.84,Moderate,
45,Female,61.1,1.74,171,164,69,3,16.37,20.18,Moderate,
47,Female,70.1,1.71,199,139,74,4,19.95,23.97,Active,
28,Male,50.3,1.81,176,156,70,3,26.47,15.35,Moderate,
18,Female,66.8,1.62,161,169,74,,22.63,25.45,FALSE,
28,Male,59.9,1.7,169,163,65,4,33.85,20.73,Active,
41,Male,52.8,1.68,192,132,59,4,12.32,18.71,Active,
51,Female,62.7,1.73,198,140,50,4,33.87,20.95,Active,
34,Male,76.4,1.84,164,161,69,3,21.69,22.57,Moderate,
52,Male,54.7,1.93,193,135,62,2,34.32,14.68,Light,
18,Female,49,1.72,190,153,60,4,17.26,16.56,Active,
30,Male,46.3,1.59,166,133,54,2,17.74,18.31,Light,
35,Female,68.2,1.7,178,137,52,3,31.92,23.6,Moderate,
36,Female,85.1,1.67,184,131,53,4,20.8,30.51,Active,
,Female,59.8,2,188,144,70,3,14.17,14.95,Moderate,
56,Female,63.7,1.74,161,158,65,3,14.53,21.04,Moderate,
34,Male,40,1.68,183,167,64,3,17.03,14.17,Moderate,
56,Male,64.7,1.78,199,129,62,3,13.72,20.42,Moderate,
28,Male,56.5,1.73,198,136,74,5,13.82,18.88,Athletic,
18,Male,56.9,1.74,180,149,59,2,19.82,18.79,Light,
18,Male,115.8,1.68,177,150,74,5,20.56,41.03,Athletic,
45,Male,46,1.76,165,135,69,5,28.92,14.85,Athletic,
47,Female,46.9,1.91,162,145,53,3,14.88,12.86,Moderate,
49,Male,110.8,1.62,162,169,59,4,21.26,42.22,Active,
19,Male,97.4,1.75,173,144,56,4,28.45,31.8,Active,
42,Male,117.7,1.71,198,149,74,4,26.89,40.25,Active,
24,,91.2,1.66,167,129,60,5,21.76,33.1,Athletic,
18,Female,100.3,1.83,168,125,74,5,,29.95,Athletic,
28,Male,51.1,1.66,161,154,65,5,19.67,18.54,Athletic,
18,Male,79,1.64,191,150,74,4,30.73,29.37,Active,
44,Female,65,1.57,165,168,70,3,32.75,26.37,Moderate,
24,Male,86.3,1.71,191,150,50,3,18.7,29.51,Moderate,
39,Male,43.3,1.68,184,128,51,2,17.06,15.34,Light,
18,Male,50.6,2,179,133,,,20.88,12.65,FALSE,
52,Male,40,1.71,165,157,74,4,17.27,13.68,Active,
18,Female,59.9,1.76,179,169,66,3,18.69,19.34,Moderate,
56,Female,59.1,2,177,,58,3,16.29,14.78,Moderate,
24,,62.8,1.68,177,163,53,4,19.91,22.25,Active,
59,Female,72.8,1.65,172,165,55,3,14.86,26.74,Moderate,
29,Female,65,1.77,194,152,66,2,23.25,20.75,Light,
18,Female,74.2,1.85,177,151,66,3,,21.68,Moderate,
46,Female,61.2,1.79,190,157,72,3,17.28,19.1,Moderate,
27,Female,63.3,1.9,183,148,67,4,22.45,17.53,Active,
40,Female,95.3,1.86,171,130,67,4,22.23,27.55,Active,
42,,73.6,1.73,182,159,66,2,,24.59,Light,
35,Male,124.8,1.75,176,161,59,3,28.03,40.75,Moderate,
18,Male,75.4,1.97,177,136,67,2,15.43,19.43,Light,
46,Male,49.8,1.91,160,146,65,3,12.84,13.65,Moderate,
18,Male,61,1.67,163,139,70,2,17.17,21.87,Light,
47,Male,100.2,1.67,196,151,73,3,26.79,35.93,Moderate,
33,Female,73,1.69,196,135,67,2,23.54,25.56,Light,
30,Male,88.2,1.72,191,155,54,4,15.42,29.81,Active,
34,Female,61.7,1.81,183,141,72,4,20.6,18.83,Active,
30,Male,120,1.79,187,141,51,4,21.36,37.45,Active,
30,Male,45.4,1.73,197,151,50,4,17.33,15.17,Active,
30,Male,40,1.87,186,140,56,5,12.87,11.44,Athletic,
22,Male,129.9,1.62,185,141,52,4,12.32,49.5,Active,
53,Female,71.9,2,191,161,74,5,12.32,17.98,Athletic,
44,Female,115.6,1.5,186,145,55,2,18.41,51.38,Light,
26,Female,64.7,1.61,197,137,74,5,24.23,24.96,Athletic,
52,Male,58.2,1.71,182,161,50,3,21.89,19.9,Moderate,
49,Male,53.8,1.81,185,169,71,4,19.34,16.42,Active,
26,Female,63.6,1.77,173,145,55,3,22.45,20.3,Moderate,
23,Male,62.3,1.68,167,122,74,,12.98,22.07,FALSE,
26,Male,55.9,1.61,192,,74,5,21.42,21.57,Athletic,
41,Female,65.7,1.57,170,169,71,5,12.32,26.65,Athletic,
59,Female,65.5,1.78,168,139,56,2,28.6,20.67,Light,
39,Female,90.5,,175,169,51,3,20.06,#DIV/0!,Moderate,
28,Female,40,1.81,194,164,57,3,37.33,12.21,Moderate,
48,Male,40,1.67,169,168,57,3,12.32,14.34,Moderate,
54,Female,76.8,1.79,189,132,64,4,20.66,23.97,Active,
26,Female,92.4,1.59,165,169,55,4,22.09,36.55,Active,
28,Male,88.5,1.64,160,163,50,3,26.98,32.9,Moderate,
52,Female,54.3,1.73,185,137,57,3,22.75,18.14,Moderate,
23,Male,71.2,1.56,170,140,68,4,13.25,29.26,Active,
26,Female,64.1,1.68,190,168,55,2,39.84,22.71,Light,
18,Female,45.3,1.75,190,169,69,2,26.5,14.79,Light,
21,Female,76,1.72,196,160,73,3,12.32,25.69,Moderate,
41,Female,40,1.69,192,138,66,4,19.94,14.01,Active,
30,Male,129.9,1.78,189,120,74,2,30.83,41,Light,
27,Female,62.9,1.73,187,157,54,4,28.52,21.02,Active,
28,Male,69.3,1.99,183,154,62,4,18.72,17.5,Active,
38,Male,60.6,1.81,170,159,71,3,13.74,18.5,Moderate,
59,Female,40,1.65,179,163,71,3,22.78,14.69,Moderate,
33,Female,56.6,2,173,131,71,3,37.62,14.15,Moderate,
27,Female,75.2,1.96,172,132,61,3,21.52,19.58,Moderate,
46,Female,78.4,1.55,176,132,69,2,23.63,32.63,Light,
25,Male,42.2,1.82,185,140,56,4,29.27,12.74,Active,
29,Female,57,1.7,168,160,61,4,12.32,19.72,Active,
32,Female,40,1.89,177,134,71,,18,11.2,FALSE,
49,Male,128.5,1.96,196,138,68,2,22.89,33.45,Light,
28,Female,45,1.8,187,162,74,4,12.32,13.89,Active,
18,Female,78.5,1.81,190,127,74,4,15.7,23.96,Active,
50,Female,49.4,1.91,188,131,74,2,17.89,13.54,Light,
27,Female,50.3,1.66,180,131,74,2,39.72,18.25,Light,
40,Female,61,1.88,171,138,62,2,12.32,17.26,Light,
59,Male,79.3,1.79,198,162,74,4,16,24.75,Active,
57,Female,40,1.62,190,123,57,5,21.11,15.24,Athletic,
18,Male,50,1.69,196,143,53,4,28.53,17.51,Active,
18,Male,48.6,1.95,175,152,57,3,12.32,12.78,Moderate,
26,Male,91.3,1.63,186,156,67,,19.46,34.36,FALSE,
50,Female,102.2,1.65,198,157,64,4,17.77,37.54,Active,
48,Female,40,1.75,196,133,74,4,12.32,13.06,Active,
41,Female,69.6,1.63,193,169,55,4,32.29,26.2,Active,
23,Female,56.8,1.75,183,149,74,2,12.32,18.55,Light,
50,Female,99.4,1.7,181,120,58,3,16.45,34.39,Moderate,
18,Male,51.4,1.83,195,141,54,2,16.63,15.35,Light,
22,Male,96.9,1.8,163,132,56,4,24.29,29.91,Active,
26,Female,64.3,1.7,192,140,65,3,39.07,22.25,Moderate,
42,Female,40,1.72,197,139,74,3,19.15,13.52,Moderate,
37,Male,40,1.92,194,128,72,5,15.24,10.85,Athletic,
30,Female,85.4,1.71,188,169,74,4,20.15,29.21,Active,
33,Female,72.9,1.58,178,153,57,2,18.97,29.2,Light,
25,Female,48.8,1.84,186,168,65,3,16.6,14.41,Moderate,
18,Male,54.9,1.74,187,131,74,3,18.89,18.13,Moderate,
38,Male,53.6,1.7,188,126,73,4,12.32,18.55,Active,
47,Male,77.9,1.76,164,139,59,2,15.38,25.15,Light,
35,Male,68.5,1.73,175,142,58,2,12.32,22.89,Light,
59,,,1.56,164,124,56,2,18.27,0,Light,
28,,77.2,1.86,180,133,,4,17.34,22.31,Active,
32,Female,113.1,1.73,165,135,58,4,12.32,37.79,Active,
27,Female,53.7,1.75,167,137,74,3,16.24,17.53,Moderate,
25,Male,61.3,1.77,173,167,50,4,17.69,19.57,Active,
38,Male,41.1,1.67,184,133,74,5,14.26,14.74,Athletic,
36,Male,78.2,1.63,191,169,74,3,21.82,29.43,Moderate,
35,Male,94.6,1.69,167,158,57,4,22.21,33.12,Active,
28,Female,68.8,1.73,198,169,66,3,12.38,22.99,Moderate,
27,Female,43.4,1.71,184,165,71,2,25.15,14.84,Light,
37,Female,40,1.81,164,139,62,4,,12.21,Active,
40,Female,40,1.74,173,164,72,4,12.32,13.21,Active,
24,Male,70.3,1.87,191,127,62,2,14.32,20.1,Light,
18,Male,64.7,1.67,167,152,74,4,19.63,23.2,Active,
59,Male,61,1.62,191,162,74,3,21.37,23.24,Moderate,
37,Female,44.2,1.61,168,164,73,4,14.92,17.05,Active,
18,Male,77.8,1.76,183,157,74,3,16.37,25.12,Moderate,
53,Male,53.5,1.71,195,169,54,3,33.56,18.3,Moderate,
44,Male,63.7,1.62,176,166,54,5,12.32,24.27,Athletic,
28,Female,64.1,1.82,170,120,57,2,13.85,19.35,Light,
,Female,54.5,1.67,196,148,73,3,15.16,19.54,Moderate,
30,Female,40,1.93,180,143,74,2,12.32,10.74,Light,
25,Female,68.8,1.73,182,133,74,3,12.32,22.99,Moderate,
18,,50.6,1.74,162,153,74,4,17.25,16.71,Active,
53,Female,68.9,1.6,191,155,70,3,27.19,26.91,Moderate,
25,Male,100.4,1.76,173,169,58,3,17.45,32.41,Moderate,
58,Female,105.7,1.65,171,136,71,,13.66,38.82,FALSE,
18,Female,61.9,1.58,184,141,,2,18.23,24.8,Light,
50,Female,60.4,1.72,184,124,74,4,20.81,20.42,Active,
23,Male,56.2,1.58,184,141,71,4,,22.51,Active,
18,Female,42.6,1.56,180,169,62,4,12.46,17.5,Active,
59,Female,97.4,1.57,199,153,70,4,27.67,39.51,Active,
32,Male,58.7,,161,130,69,3,12.87,#DIV/0!,Moderate,
21,Male,46.4,2,198,135,74,2,23.07,11.6,Light,
32,Male,57.4,1.66,189,136,62,2,,20.83,Light,
38,Male,87.9,1.75,183,130,74,3,12.32,28.7,Moderate,
40,Male,87.8,1.64,161,145,59,4,17.55,32.64,Active,
52,Female,62.4,1.91,191,161,63,2,15.2,17.1,Light,
20,Female,65.7,1.81,189,165,55,4,25.06,20.05,Active,
23,Female,51.4,2,182,158,65,4,15.31,12.85,Active,
34,Female,75.2,2,196,141,73,4,16.39,18.8,Active,
34,Male,77.7,1.81,187,149,54,2,12.32,23.72,Light,
23,Female,40,1.89,162,126,60,3,17.09,11.2,Moderate,
43,Female,80.5,1.68,190,135,58,5,25.52,28.52,Athletic,
18,Male,40,1.78,167,133,62,4,21.42,12.62,Active,
28,Female,109.4,1.58,170,165,74,5,21.16,43.82,Athletic,
57,Female,40,1.58,165,140,55,4,14.94,16.02,Active,
18,Male,40,1.8,168,,58,3,12.32,12.35,Moderate,
44,Female,79.5,1.73,184,155,56,4,25.45,26.56,Active,
21,Female,68.5,1.61,191,169,74,3,18.59,26.43,Moderate,
39,,65.6,1.75,164,158,66,4,23.89,21.42,Active,
44,Female,87.5,1.88,173,132,66,2,21.72,24.76,Light,
56,Male,54.5,1.76,196,148,74,4,27.02,17.59,Active,
33,Female,55.4,1.6,185,144,67,4,20.82,21.64,Active,
32,Male,85.7,1.53,185,133,52,3,14.19,36.61,Moderate,
34,Female,58.2,1.7,189,134,55,4,12.46,20.14,Active,
30,Male,72.5,1.91,189,142,58,2,26.6,19.87,Light,
26,,77.2,1.64,168,162,64,4,30.85,28.7,Active,
20,Male,90.3,1.68,169,135,59,4,31.04,31.99,Active,
42,Female,95.2,1.76,178,158,56,2,16.06,30.73,Light,
26,Male,75,1.91,181,168,74,3,21.87,20.56,Moderate,
26,Male,61.5,1.51,185,155,74,4,21.29,26.97,Active,
28,Female,101.9,1.5,196,164,56,2,15.07,45.29,Light,
54,Female,41.4,1.6,163,169,71,5,20.92,16.17,Athletic,
18,Male,71.3,1.78,167,129,72,4,34.18,22.5,Active,
42,Male,46.2,1.72,167,130,69,2,19.47,15.62,Light,
24,Male,64,1.83,187,155,74,3,31.31,19.11,Moderate,
54,Male,47.2,1.75,160,134,68,4,20,15.41,Active,
53,Male,95.5,1.52,164,169,52,,12.32,41.33,FALSE,
33,Female,40,1.79,194,162,60,4,13.81,12.48,Active,
52,Female,81.1,1.74,184,168,74,5,12.32,26.79,Athletic,
51,Female,72.1,,162,160,70,3,12.66,#DIV/0!,Moderate,
47,Male,100.5,1.56,185,133,64,4,,41.3,Active,
55,Female,129.9,1.89,177,157,66,4,20.1,36.37,Active,
28,Male,75.7,1.85,160,157,64,3,37.5,22.12,Moderate,
18,Female,69,1.66,196,141,56,4,18.23,25.04,Active,
19,Male,72.5,1.73,184,135,71,3,29.87,24.22,Moderate,
30,,50.8,1.81,196,132,74,3,22.58,15.51,Moderate,
40,Female,68.2,1.5,197,153,71,4,12.45,30.31,Active,
49,Female,105,1.63,170,139,70,4,18.89,39.52,Active,
57,Female,129.9,1.88,162,148,56,3,,36.75,Moderate,
27,Female,61.1,1.59,\t182,139,68,3,12.32,24.17,Moderate,
27,Male,,1.81,176,169,64,3,16.6,0,Moderate,
50,Male,62.5,1.67,172,121,56,5,28.47,22.41,Athletic,
59,Male,62.4,1.71,197,,74,4,19.22,21.34,Active,
26,Male,72.4,1.68,196,169,53,2,21.68,25.65,Light,
55,Female,93.1,1.82,172,148,60,4,20.51,28.11,Active,
48,Female,122.3,1.71,183,120,63,4,18.9,41.82,Active,
29,Female,70.8,1.85,160,142,52,2,15.46,20.69,Light,
52,Male,51.5,1.6,184,162,65,4,12.32,20.12,Active,
18,Female,57.1,1.61,198,129,66,2,19.32,22.03,Light,
36,Female,64.4,1.97,166,153,59,3,23.33,16.59,Moderate,
52,Male,63,1.72,184,131,54,4,34.06,21.3,Active,
29,Male,77.2,1.89,192,152,58,3,19.23,21.61,Moderate,
18,Female,40,1.66,190,147,50,5,22.99,14.52,Athletic,
30,Female,76.3,2,193,132,59,3,17.54,19.08,Moderate,
29,Female,71.2,1.8,176,139,68,2,31.75,21.98,Light,
55,Male,104.9,1.56,187,155,58,3,12.68,43.1,Moderate,
34,Female,102.1,1.53,178,152,50,3,38.34,43.62,Moderate,
31,Female,63.6,1.57,165,169,74,4,13.15,25.8,Active,
26,Male,68.6,1.7,172,167,57,3,18.29,23.74,Moderate,
33,Male,46,1.71,163,145,54,2,14.68,15.73,Light,
39,Female,88.6,1.8,181,158,71,4,,27.35,Active,
36,Male,79.7,1.75,168,132,74,4,25.28,26.02,Active,
33,Female,108.7,1.75,199,131,74,3,16.46,35.49,Moderate,
45,Female,61.4,1.76,194,120,68,2,21.75,19.82,Light,
21,Female,69.2,1.87,168,127,68,5,14.59,19.79,Athletic,
52,Male,67.4,1.72,160,134,51,2,15.39,22.78,Light,
29,Female,40,1.64,178,130,69,3,14.89,14.87,Moderate,
47,Female,46,1.58,172,147,72,2,15.45,18.43,Light,
34,Male,89.1,1.78,174,120,51,4,20.61,28.12,Active,
57,Male,70.4,1.72,181,161,57,3,22.21,23.8,Moderate,
24,Male,65.7,1.84,165,146,74,5,16.06,19.41,Athletic,
26,Male,82.2,1.69,189,139,70,5,18.01,28.78,Athletic,
32,,52.2,1.73,196,134,74,3,21.27,17.44,Moderate,
54,Male,128.7,1.91,192,,58,4,23.32,35.28,Active,
18,Female,,1.64,196,169,74,5,20.03,0,Athletic,
18,Female,110.3,1.76,168,169,55,5,16.38,35.61,Athletic,
54,Male,42.7,1.72,191,153,74,5,19.11,14.43,Athletic,
35,Female,98,1.59,179,141,62,3,18.32,38.76,Moderate,
37,Female,94.5,1.84,160,158,61,3,12.32,27.91,Moderate,
30,Female,57.6,1.66,169,160,67,4,30.42,20.9,Active,
31,Male,40,1.74,194,155,68,4,20.16,13.21,Active,
28,Male,40.3,1.69,166,169,69,3,20.42,14.11,Moderate,
53,Male,60.8,1.66,199,121,69,4,12.32,22.06,Active,
56,Male,72,1.77,191,168,62,2,23.34,22.98,Light,
44,Male,94.4,1.75,163,154,58,3,12.32,30.82,Moderate,
38,Male,71,1.84,190,120,53,,21.97,20.97,FALSE,
34,Female,77.9,1.87,183,169,59,2,15.67,22.28,Light,
48,Male,52.6,1.63,182,129,54,,14.53,19.8,FALSE,
48,Female,62.9,1.67,198,164,64,5,24.26,22.55,Athletic,
33,Male,59.6,1.6,187,127,69,3,21.54,23.28,Moderate,
46,Female,50,1.5,182,149,64,2,16.09,22.22,Light,
32,Female,104.3,1.83,160,,64,4,16.99,31.14,Active,
36,Female,61.2,1.93,166,145,55,4,12.32,16.43,Active,
36,Female,82.5,1.66,166,134,50,5,21.01,29.94,Athletic,
57,Female,58.3,1.73,164,132,50,3,19.23,19.48,Moderate,
45,Male,61.6,1.95,176,,64,4,30.72,16.2,Active,
44,Male,64.2,1.7,,139,62,2,15.79,22.21,Light,
31,Male,53,1.83,182,149,55,4,22.89,15.83,Active,
50,Female,69.6,1.9,172,127,74,3,29.91,19.28,Moderate,
38,Female,81.1,1.92,190,125,61,4,17.99,22,Active,
49,Female,65.7,1.77,182,139,74,2,23,20.97,Light,
21,Male,81.8,1.83,182,163,53,4,22.27,24.43,Active,
28,Female,91.2,1.77,164,162,55,2,18.88,29.11,Light,
52,Female,98.5,1.96,183,169,50,5,35.08,25.64,Athletic,
22,Male,88.9,1.6,182,148,74,3,32.24,34.73,Moderate,
43,Male,88.5,1.72,185,131,67,4,28.7,29.91,Active,
46,Male,85.9,1.7,180,148,66,2,21.8,29.72,Light,
18,Male,56.5,1.86,193,129,54,4,13.7,16.33,Active,
43,Female,65.2,1.97,184,121,72,3,17.03,16.8,Moderate,
18,Male,71.9,1.54,170,121,59,4,24.65,30.32,Active,
44,Male,66.8,1.72,191,136,68,4,22.21,22.58,Active,
55,Female,46.3,1.7,187,139,52,3,32.94,16.02,Moderate,
36,Male,93.2,1.63,,153,55,3,24.94,35.08,Moderate,
57,Male,72.4,1.65,168,162,56,4,28.3,26.59,Active,
41,Male,70.7,1.81,191,134,62,2,23.32,21.58,Light,
52,Female,45,1.75,196,143,74,3,38.8,14.69,Moderate,
18,Female,74.8,1.83,165,144,63,2,15.29,22.34,Light,
31,Female,61.1,1.69,190,123,64,2,19.83,21.39,Light,
34,Female,44.3,1.76,180,129,58,4,16.48,14.3,Active,
20,Female,96.2,1.59,170,142,52,,21.72,38.05,FALSE,
47,Male,69.7,1.83,184,121,70,5,20.78,20.81,Athletic,
33,Male,41.9,1.59,166,165,50,3,14.53,16.57,Moderate,
47,Female,52.9,1.67,180,142,72,3,30.5,18.97,Moderate,
58,Male,94.6,1.57,191,152,74,,22.94,38.38,FALSE,
47,Male,70.5,1.67,166,168,58,3,46.78,25.28,Moderate,
27,Female,40,1.76,192,169,56,3,31.97,12.91,Moderate,
51,Male,51.6,1.83,194,161,67,3,24.12,15.41,Moderate,
18,Female,83.3,1.59,165,169,72,3,31.83,32.95,Moderate,
20,Male,67.7,1.84,193,122,66,5,19.76,20,Athletic,
43,Male,57.8,1.78,197,163,52,2,14.84,18.24,Light,
45,Male,59,1.87,199,157,55,2,31.55,16.87,Light,
29,Female,61.5,1.88,182,152,72,4,23.84,17.4,Active,
18,Female,40,1.75,176,124,68,,17.62,13.06,FALSE,
37,Male,79.6,1.68,180,137,67,,23.26,28.2,FALSE,
26,Female,68.6,1.75,184,140,60,3,20.02,22.4,Moderate,
49,Female,77.9,1.75,196,169,64,3,14.38,25.44,Moderate,
23,Female,40.9,1.75,187,136,50,3,12.32,13.36,Moderate,
18,Male,68.7,1.77,161,169,68,3,17,21.93,Moderate,
23,Male,114.9,1.61,180,120,56,3,22.67,44.33,Moderate,
47,Male,65.6,1.77,190,154,54,2,14.47,20.94,Light,
20,Female,90.9,1.69,198,142,74,4,16.23,31.83,Active,
40,Male,61,1.89,196,123,71,3,23.16,17.08,Moderate,
18,Male,66.8,1.66,166,135,59,2,12.56,24.24,Light,
56,Male,42.6,1.61,190,161,60,4,23.68,16.43,Active,
56,Female,88.8,1.7,173,129,52,4,12.32,30.73,Active,
34,Female,83.2,1.64,171,164,69,3,14.97,30.93,Moderate,
38,Female,99.1,1.5,185,159,74,4,24.56,44.04,Active,
43,Male,77.8,1.7,180,149,58,5,16.55,26.92,Athletic,
18,Male,47.8,1.85,161,156,50,5,12.32,13.97,Athletic,
24,Male,40,1.82,168,120,74,3,17.95,12.08,Moderate,
35,Female,91,1.55,174,136,74,3,16,37.88,Moderate,
21,Male,86.3,1.74,184,169,61,2,22.21,28.5,Light,
26,Male,64.6,1.82,196,165,55,4,19.63,19.5,Active,
40,Female,49.6,1.7,169,,72,,12.71,17.16,FALSE,
23,Female,59.6,1.81,160,146,71,5,12.32,18.19,Athletic,
46,Female,53.7,1.5,177,169,54,4,22.71,23.87,Active,
55,Female,58.9,1.56,197,125,58,3,30.52,24.2,Moderate,
31,Male,79.4,1.58,163,125,74,3,12.32,31.81,Moderate,
26,Male,83.1,1.52,163,139,51,3,20.05,35.97,Moderate,
31,Female,61.7,1.52,177,160,54,4,12.32,26.71,Active,
27,Male,66.6,1.7,171,149,73,4,13.51,23.04,Active,
45,Female,106.3,1.84,172,123,61,4,30.72,31.4,Active,
23,Female,73.2,1.58,175,169,,3,24.85,29.32,Moderate,
48,Female,69.9,1.82,173,162,,3,23.63,21.1,Moderate,
30,Female,62.3,1.53,185,153,68,2,34.48,26.61,Light,
48,Male,83,1.55,164,169,67,2,22.88,34.55,Light,
35,Male,75.4,1.64,198,167,63,3,30.23,28.03,Moderate,
30,Female,98.3,1.84,178,161,74,3,16.15,29.03,Moderate,
38,Female,46.5,1.65,182,169,70,2,12.32,17.08,Light,
44,Male,61.6,1.65,167,158,74,4,15.25,22.63,Active,
31,Female,64,1.85,184,147,71,5,14.26,18.7,Athletic,
18,Male,59.1,1.69,180,155,57,4,17.36,20.69,Active,
24,Female,45.1,1.6,195,163,66,2,22.88,17.62,Light,
18,Male,49.1,1.68,,142,74,,15.28,17.4,FALSE,
18,,82.7,1.79,171,167,69,2,12.89,25.81,Light,
33,Male,85,1.73,161,128,64,4,13.34,28.4,Active,
21,Female,77.9,1.8,199,169,56,3,19.98,24.04,Moderate,
20,Male,40,1.52,192,151,63,4,25.64,17.31,Active,
59,Male,44.8,1.67,189,130,63,3,12.32,16.06,Moderate,
51,Female,66.4,1.77,184,147,55,3,14.27,21.19,Moderate,
50,Male,40,2,192,155,56,3,16.67,10,Moderate,
42,Male,96.2,1.63,164,148,74,2,25.15,36.21,Light,
45,Female,54,1.86,170,148,65,3,16.72,15.61,Moderate,
22,Male,71.1,1.68,164,160,74,4,16.09,25.19,Active,
47,Female,48.6,1.55,176,165,74,2,27.31,20.23,Light,
34,Female,100.1,1.97,192,164,73,4,22.68,25.79,Active,
51,Female,53.7,1.72,169,120,52,,14.41,18.15,FALSE,
27,Male,83.5,1.67,162,129,65,2,18.45,29.94,Light,
18,Male,52.4,1.74,181,169,63,4,13.4,17.31,Active,
48,Male,89.5,1.61,170,153,57,3,12.32,34.53,Moderate,
25,Female,58.2,1.64,165,169,71,4,19.05,21.64,Active,
51,Male,126,1.74,190,139,57,2,22.63,41.62,Light,
58,Female,57.4,1.62,196,154,61,3,25.02,21.87,Moderate,
32,Female,52.3,1.59,161,121,74,3,22.56,20.69,Moderate,
47,,40,1.85,192,139,57,4,19.04,11.69,Active,
55,Female,129.6,1.84,188,139,58,3,18.38,38.28,Moderate,
33,Female,72.3,1.8,199,120,74,4,12.32,22.31,Active,
28,Male,64.1,1.55,179,152,52,4,18.43,26.68,Active,
34,Male,66.7,1.55,186,169,55,3,12.32,27.76,Moderate,
35,Male,44.9,1.92,168,123,67,4,17.33,12.18,Active,
36,Female,90,1.69,180,160,72,4,13.72,31.51,Active,
27,Male,77.7,1.76,167,131,74,5,23.19,25.08,Athletic,
18,Male,100,1.73,192,166,56,4,12.32,33.41,Active,
52,Male,83.4,1.52,176,142,56,3,15.21,36.1,Moderate,
32,Female,46.5,1.83,176,128,74,4,14.63,13.89,Active,
37,Female,81.1,1.78,195,143,72,3,12.51,25.6,Moderate,
31,Male,50.7,1.86,171,149,74,3,21.13,14.65,Moderate,
23,Female,55.4,1.8,164,163,73,2,18.71,17.1,Light,
23,Female,40,1.8,160,136,62,3,16.37,12.35,Moderate,
25,Female,76.2,1.87,184,148,69,3,17.02,21.79,Moderate,
52,Male,84.5,1.75,180,158,71,4,18.25,27.59,Active,
59,Male,40,2,173,141,68,2,43.74,10,Light,
37,,40,1.92,163,129,68,2,23.28,10.85,Light,
42,Female,55.6,1.63,176,134,74,3,32.64,20.93,Moderate,
29,Male,73.6,1.82,162,141,55,2,30.41,22.22,Light,
29,Female,50.8,1.89,199,163,59,3,22.37,14.22,Moderate,
27,Male,72.5,1.88,181,162,69,4,27.76,20.51,Active,
22,Male,128.4,,166,169,50,3,13.01,#DIV/0!,Moderate,
41,Male,74.7,1.84,170,169,57,3,14.71,22.06,Moderate,
21,Female,94.4,1.69,197,155,61,,14.52,33.05,FALSE,
52,Male,57.5,1.87,174,149,70,2,12.32,16.44,Light,
32,Male,51.1,1.86,199,131,63,3,21.49,14.77,Moderate,
30,Female,88.8,1.69,171,127,70,,19.29,31.09,FALSE,
31,Female,,1.54,161,156,74,4,12.32,0,Active,
49,Female,80,2,162,151,74,3,29.6,20,Moderate,
23,Female,52.6,1.78,176,169,53,3,21.08,16.6,Moderate,
18,Male,57.5,1.74,193,154,70,4,12.32,18.99,Active,
52,Female,45.1,1.65,165,164,71,5,29.89,16.57,Athletic,
45,Male,98.7,1.77,183,132,74,4,18.18,31.5,Active,
51,Male,63,1.78,161,152,50,2,15.95,19.88,Light,
34,Female,101.5,1.57,184,120,55,5,46.11,41.18,Athletic,
18,Female,89.8,1.66,185,140,54,,16.69,32.59,FALSE,
42,Male,43.5,1.56,192,159,57,3,28.64,17.87,Moderate,
28,Female,121.1,1.75,163,149,68,5,26.5,39.54,Athletic,
18,Male,46.3,2,167,169,64,2,17.38,11.58,Light,
35,Male,40,1.71,162,133,69,4,27.14,13.68,Active,
56,Female,64.2,1.79,196,165,58,4,12.32,20.04,Active,
18,Female,56,1.82,170,131,62,3,15.72,16.91,Moderate,
45,Male,43.8,,161,169,72,4,15.83,#DIV/0!,Active,
32,Female,90.5,1.63,184,166,50,5,12.99,34.06,Athletic,
42,Female,40,1.81,177,145,59,3,23.25,12.21,Moderate,
54,Male,72.6,1.56,172,165,69,2,31.41,29.83,Light,
18,Male,40,1.58,,164,52,4,28.07,16.02,Active,
34,Female,89.7,1.78,184,142,53,3,39.54,28.31,Moderate,
21,Female,59.7,1.65,191,138,68,4,17.55,21.93,Active,
18,Male,42,1.82,188,137,67,2,29.09,12.68,Light,
18,Male,57.9,2,168,156,50,3,18.31,14.48,Moderate,
49,,50.2,1.7,164,169,73,2,13.34,17.37,Light,
18,Female,40,1.8,187,158,71,2,14.93,12.35,Light,
18,Female,70.9,1.87,176,164,59,4,15.74,20.28,Active,
26,Male,44,1.6,190,125,68,2,15.5,17.19,Light,
31,Female,46.9,1.75,192,146,63,4,12.48,15.31,Active,
49,Male,47.5,1.79,161,169,61,4,13.47,14.82,Active,
38,Male,69,1.82,170,133,53,2,20.05,20.83,Light,
18,Female,59.1,2,181,123,72,4,13.32,14.78,Active,
53,Female,40,1.66,192,169,72,4,22.65,14.52,Active,
18,Female,74.6,1.71,169,143,54,2,18.68,25.51,Light,
35,Male,98.6,1.55,184,141,59,2,23.47,41.04,Light,
29,Female,58.4,1.61,182,165,70,4,26.13,22.53,Active,
35,Female,76.1,1.81,,153,74,2,26.86,23.23,Light,
38,Male,93.7,1.66,168,169,68,4,13.87,34,Active,
42,Female,88.6,2,171,166,72,5,18.3,22.15,Athletic,
18,Male,49.9,1.77,191,123,74,2,24.35,15.93,Light,
42,Female,99.9,1.6,189,169,58,2,15.78,39.02,Light,
26,Female,58.6,1.78,198,143,74,3,44.77,18.5,Moderate,
36,Male,57.4,1.58,192,152,70,2,20.91,22.99,Light,
47,Male,48.1,1.71,185,129,74,3,12.32,16.45,Moderate,
30,Male,60.1,1.93,187,140,58,5,24.29,16.13,Athletic,
23,Female,88,2,193,128,70,3,31.33,22,Moderate,
39,Female,62.5,1.74,162,141,58,3,17.6,20.64,Moderate,
38,Female,69.4,2,195,130,,3,14.99,17.35,Moderate,
20,Female,69.3,1.75,180,120,72,4,25.22,22.63,Active,
18,Male,52.6,1.76,175,154,50,3,30.92,16.98,Moderate,
39,Female,65.6,1.7,172,148,68,4,14.83,22.7,Active,
45,Male,71.4,,179,140,52,4,15.53,#DIV/0!,Active,
22,Male,80.6,1.71,176,139,60,4,12.32,27.56,Active,
57,Female,43.5,2,172,159,59,2,23.74,10.88,Light,
25,Female,72.6,1.7,161,168,51,4,16.45,25.12,Active,
18,Male,87.5,1.76,169,160,60,2,21.79,28.25,Light,
50,Male,46.8,1.77,180,128,70,4,21.83,14.94,Active,
27,Male,42.5,1.61,183,155,71,2,,16.4,Light,
43,Male,83.5,1.96,168,169,54,4,24.03,21.74,Active,
18,Female,44.9,1.77,168,127,57,3,20.39,14.33,Moderate,
18,Male,63.9,1.71,164,140,66,4,21.96,21.85,Active,
36,Female,67.5,1.71,173,,60,4,18.75,23.08,Active,
24,Female,59,1.68,,132,56,3,14.37,20.9,Moderate,
21,Male,90.1,1.72,184,138,68,4,22.34,30.46,Active,
18,Male,48.2,1.75,180,134,63,4,16.34,15.74,Active,
18,Male,78.1,1.75,184,158,50,2,17.61,25.5,Light,
31,Male,67.4,1.83,167,122,66,5,18.29,20.13,Athletic,
27,Male,44.1,1.56,169,,72,2,20.18,18.12,Light,
26,Male,65,1.69,171,162,62,2,29.56,22.76,Light,
33,Female,95,1.85,168,140,56,3,12.66,27.76,Moderate,
30,Female,65.3,1.76,192,161,57,4,23.82,21.08,Active,
59,Male,40,1.72,182,164,56,4,12.32,13.52,Active,
46,Female,82.9,1.74,194,165,52,3,14.4,27.38,Moderate,
18,Male,59.4,1.87,195,139,74,3,36.72,16.99,Moderate,
49,Male,58.2,1.82,171,154,67,4,19.11,17.57,Active,
37,Female,77.3,1.58,180,140,61,2,12.32,30.96,Light,
22,Male,66,1.67,181,122,50,3,15.29,23.67,Moderate,
29,Female,67.4,1.76,187,120,74,5,19.6,21.76,Athletic,
31,Male,62.2,1.7,168,155,55,2,16.7,21.52,Light,
45,,67.3,1.67,198,155,54,4,17.76,24.13,Active,
27,Female,59.6,1.73,182,139,71,4,16.62,19.91,Active,
35,Male,40,1.72,182,120,70,4,17.87,13.52,Active,
24,Male,41.3,1.73,180,156,74,4,14.93,13.8,Active,
48,Male,97,1.73,172,122,74,4,22.39,32.41,Active,
59,Female,47.2,1.68,185,159,70,4,23.79,16.72,Active,
49,Female,58.7,1.79,,120,67,4,28.66,18.32,Active,
33,Male,65.7,1.97,167,144,53,4,19.14,16.93,Active,
31,Male,80.2,1.74,187,141,72,2,16.1,26.49,Light,
40,Male,59.3,2,166,141,74,5,17.04,14.83,Athletic,
28,Male,61.1,1.74,163,156,59,2,,20.18,Light,
57,Female,79.4,1.55,160,164,50,2,14.69,33.05,Light,
55,Male,86.2,2,189,159,66,3,20.09,21.55,Moderate,
28,Male,59.3,1.79,189,128,69,4,28.16,18.51,Active,
23,Male,40,1.87,161,,74,4,13.11,11.44,Active,
30,,61.8,1.88,189,142,73,4,21.86,17.49,Active,
30,Male,40,1.63,192,157,64,3,14.92,15.06,Moderate,
25,Female,61.4,1.7,172,166,72,3,19.45,21.25,Moderate,
46,Female,80.2,1.98,172,155,73,4,15.63,20.46,Active,
24,Female,89,1.61,,160,74,3,30.63,34.34,Moderate,
28,Male,58,1.77,179,157,74,2,14.72,18.51,Light,
27,Male,53,1.91,172,123,54,3,21.18,14.53,Moderate,
23,Female,51.2,1.92,187,169,55,2,16.98,13.89,Light,
26,Female,51.9,1.9,182,129,55,2,20.41,14.38,Light,
27,Female,56.3,1.7,191,134,72,3,30.84,19.48,Moderate,
,Male,92.4,1.52,197,135,59,3,16.46,39.99,Moderate,
59,Male,108.3,1.53,183,122,50,3,17.75,46.26,Moderate,
22,Female,71.5,1.81,195,164,51,3,14.55,21.82,Moderate,
18,Male,89.4,1.84,168,168,69,5,14.77,26.41,Athletic,
32,Male,82.3,1.55,172,128,74,3,20.15,34.26,Moderate,
35,Male,96.5,1.54,168,160,70,4,20.43,40.69,Active,
44,Male,40,1.91,181,124,71,3,35.01,10.96,Moderate,
43,Male,65.2,1.5,182,157,68,4,14.95,28.98,Active,
38,Female,77.1,,177,169,72,3,13.97,#DIV/0!,Moderate,
18,Male,53.9,1.62,170,169,72,3,29.34,20.54,Moderate,
42,Male,,1.87,176,127,74,4,20.3,0,Active,
22,,69.6,1.8,186,136,73,5,21.14,21.48,Athletic,
18,,62.9,1.72,191,157,63,3,12.32,21.26,Moderate,
18,,69.1,1.64,183,139,73,5,16.27,25.69,Athletic,
37,Female,61.3,1.96,193,169,65,5,24.18,15.96,Athletic,
37,Female,78.5,1.5,189,169,60,3,21.98,34.89,Moderate,
41,Female,40,1.78,182,155,68,2,12.32,12.62,Light,
18,Male,49.9,1.75,182,158,74,5,17.64,16.29,Athletic,
46,Female,69.9,1.68,173,168,64,3,18.95,24.77,Moderate,
24,Male,62.5,1.58,175,137,51,4,36.26,25.04,Active,
22,Male,40,1.67,162,146,59,3,13.05,14.34,Moderate,
53,Female,46.8,1.69,163,169,56,4,29.04,16.39,Active,
44,Female,75.2,1.9,185,131,65,3,,20.83,Moderate,
43,Male,70.1,1.72,187,129,54,3,25.52,23.7,Moderate,
18,Male,40,1.7,190,120,64,2,18.76,13.84,Light,
59,Female,73.6,1.6,164,158,58,5,15.78,28.75,Athletic,
18,Male,40,1.65,160,144,73,2,21.36,14.69,Light,
43,Male,72.6,1.64,166,152,54,2,12.97,26.99,Light,
36,Male,87.6,1.81,179,140,56,2,18.22,26.74,Light,
26,Female,110.3,1.94,171,,51,3,12.32,29.31,Moderate,
,Female,79,1.68,195,158,61,5,14.2,27.99,Athletic,
40,Male,40,1.73,194,149,72,2,36.56,13.36,Light,
18,Male,123.8,1.62,164,167,59,2,24.63,47.17,Light,
59,Female,40,1.84,167,137,53,2,14.55,11.81,Light,
38,Male,41.4,1.71,183,168,73,3,14.6,14.16,Moderate,
33,Female,60.5,1.76,160,146,67,4,28.93,19.53,Active,
45,Female,40,1.69,162,147,68,4,12.75,14.01,Active,
44,Female,52.8,1.71,198,132,63,4,12.32,18.06,Active,
39,Female,69.9,1.85,164,147,50,3,12.87,20.42,Moderate,
25,Female,51,1.76,167,127,70,4,12.64,16.46,Active,
50,Female,92.6,1.91,171,137,54,3,21.42,25.38,Moderate,
21,Female,52.7,1.53,182,134,50,3,25.06,22.51,Moderate,
49,Male,40,1.75,166,169,59,4,19.15,13.06,Active,
20,Male,40,1.78,192,149,57,4,22.57,12.62,Active,
50,Male,40,1.92,168,144,55,5,18.29,10.85,Athletic,
52,Female,81.7,1.59,164,136,67,2,19.89,32.32,Light,
41,Male,65.9,1.93,188,124,74,2,17.6,17.69,Light,
22,Male,55,1.88,176,131,74,,26.04,15.56,FALSE,
19,,92.2,1.73,170,150,74,2,15.3,30.81,Light,
31,Female,67.9,1.7,163,124,68,5,13.87,23.49,Athletic,
32,Female,86,1.6,164,144,65,2,20.18,33.59,Light,
29,Female,60.6,1.83,172,161,60,5,18.03,18.1,Athletic,
34,Male,47.8,1.69,182,153,68,4,12.32,16.74,Active,
19,Male,79.4,1.77,165,150,73,3,22.64,25.34,Moderate,
33,Female,62.4,1.72,168,164,74,5,29.29,21.09,Athletic,
47,Male,71.3,1.83,186,163,68,5,18.61,21.29,Athletic,
37,Male,116.2,1.65,194,160,74,4,23.58,42.68,Active,
50,Male,55.8,1.81,161,126,55,4,12.32,17.03,Active,
49,Male,53.5,1.79,167,158,64,2,27.68,16.7,Light,
53,Female,55.9,1.78,182,125,58,3,12.32,17.64,Moderate,
29,Female,80.7,1.74,192,121,72,4,12.32,26.65,Active,
46,Male,69,1.88,177,120,74,4,14.54,19.52,Active,
34,Male,60.5,1.8,171,120,68,3,12.32,18.67,Moderate,
44,,71.6,1.73,167,138,71,2,21.12,23.92,Light,
51,Female,96.3,1.88,166,127,59,2,16.31,27.25,Light,
47,Male,48.4,1.65,196,148,60,3,12.51,17.78,Moderate,
52,Male,77.8,1.59,183,135,50,4,23.73,30.77,Active,
25,Male,85.5,1.8,168,156,69,2,12.32,26.39,Light,
28,,74.9,1.74,196,163,54,2,25.53,24.74,Light,
30,Male,67.4,1.79,185,169,59,5,25.14,21.04,Athletic,
36,Male,71,1.66,168,131,74,4,28.31,25.77,Active,
24,Female,50.5,2,177,129,70,2,16.2,12.63,Light,
55,Male,94.8,2,192,169,50,3,,23.7,Moderate,
,Female,73.6,1.79,195,146,73,2,12.32,22.97,Light,
21,Male,47.8,1.62,173,129,74,3,12.32,18.21,Moderate,
41,Male,40,1.74,166,154,71,3,15.67,13.21,Moderate,
51,Male,43.9,1.78,194,136,51,2,15.75,13.86,Light,
47,Male,59.6,1.88,192,125,50,3,12.32,16.86,Moderate,
22,Female,56.1,1.91,167,122,70,2,12.32,15.38,Light,
18,Male,56.5,1.93,177,156,52,4,16.43,15.17,Active,
39,Male,83.7,1.52,187,152,58,,15.84,36.23,FALSE,
34,Female,79.1,1.73,188,151,58,,18.31,26.43,FALSE,
46,Female,56.7,1.97,199,160,56,3,16.02,14.61,Moderate,
22,Female,48.9,1.84,185,164,73,3,22.64,14.44,Moderate,
43,Female,47.1,1.81,166,149,69,4,29.69,14.38,Active,
51,Male,65.1,1.85,185,130,60,2,15.62,19.02,Light,
55,Female,60.6,1.68,185,124,70,4,18.66,21.47,Active,
42,Female,101,1.56,186,168,56,4,24.46,41.5,Active,
31,Female,66.4,1.76,175,140,69,4,29.07,21.44,Active,
49,Male,97.1,2,174,153,74,2,23.64,24.28,Light,
29,Male,73.7,1.88,192,141,59,3,24.55,20.85,Moderate,
44,Male,86.1,1.73,178,140,51,3,19.23,28.77,Moderate,
37,Female,58.7,1.78,195,154,59,2,18.67,18.53,Light,
37,Female,69.1,1.74,175,127,53,2,18.07,22.82,Light,
46,Female,73,1.73,164,150,54,2,15.27,24.39,Light,
53,Male,67.3,1.5,199,151,60,4,12.32,29.91,Active,
47,Female,59.2,1.67,182,169,57,3,23.65,21.23,Moderate,
46,Female,119.6,1.71,176,129,53,4,12.32,40.9,Active,
53,Male,80.1,1.69,188,167,74,3,14.85,28.05,Moderate,
42,Male,59.1,1.65,183,138,71,2,35.06,21.71,Light,
48,,88.8,1.91,183,156,67,3,19.12,24.34,Moderate,
36,Male,53.4,1.75,177,120,70,5,35.28,17.44,Athletic,
18,Male,98.9,1.58,181,126,68,3,12.32,39.62,Moderate,
41,Female,112.2,1.81,188,159,53,3,18.28,34.25,Moderate,
30,Male,101.6,1.73,190,133,56,3,40.75,33.95,Moderate,
19,Female,74.7,1.85,194,127,74,2,16.46,21.83,Light,
22,Male,68.4,1.86,175,129,66,5,16.16,19.77,Athletic,
22,Female,86.2,1.93,167,145,62,3,29.48,23.14,Moderate,
51,Male,98.9,1.85,181,138,70,2,25.3,28.9,Light,
27,Female,50.6,2,174,129,68,5,24.12,12.65,Athletic,
56,Female,68.1,2,168,160,74,5,17.05,17.03,Athletic,
22,Female,53,1.83,199,129,74,4,15.29,15.83,Active,
28,Male,59.2,1.68,187,127,54,2,12.32,20.98,Light,
35,Male,40,2,169,138,72,2,20.21,10,Light,
48,Male,90.4,2,193,156,59,3,13.35,22.6,Moderate,
25,Female,74.6,1.63,182,160,60,3,18.08,28.08,Moderate,
24,Male,92.2,1.71,194,141,59,4,,31.53,Active,
35,Female,56.2,1.74,170,151,66,4,20.61,18.56,Active,
18,Male,63,1.66,191,168,74,3,14.75,22.86,Moderate,
50,Female,76.1,1.82,191,146,54,2,14.5,22.97,Light,
52,Male,66.6,1.56,175,152,60,4,40,27.37,Active,
32,Female,45.9,1.83,192,120,55,3,17.82,13.71,Moderate,
31,Female,86.4,1.59,187,169,50,4,14.57,34.18,Active,
30,Female,54.9,1.93,187,165,70,4,13.37,14.74,Active,
21,Male,91.2,1.7,194,142,62,3,17.63,31.56,Moderate,
46,Male,54.2,1.91,171,169,67,3,26.79,14.86,Moderate,
22,Female,60.8,1.77,169,130,74,2,13.58,19.41,Light,
30,Male,46.8,1.67,164,153,74,4,12.32,16.78,Active,
31,Female,48.1,1.58,181,125,70,3,26.69,19.27,Moderate,
36,Male,56.5,1.61,189,123,58,3,25.74,21.8,Moderate,
55,Female,78.4,1.59,171,132,74,3,12.32,31.01,Moderate,
44,Male,78.2,1.8,171,169,59,5,18.17,24.14,Athletic,
34,Female,74.2,1.83,194,153,60,4,20.18,22.16,Active,
57,Female,84,1.95,199,142,51,4,21.88,22.09,Active,
47,Female,79.2,1.81,160,169,74,2,20.55,24.18,Light,
20,Female,102.9,1.61,172,146,70,3,21.82,39.7,Moderate,
30,Female,57.8,1.89,168,165,67,,15.3,16.18,FALSE,
37,Female,94.5,1.73,198,135,74,4,17.52,31.57,Active,
54,Male,70.9,1.7,\n175,131,74,4,13.4,24.53,Active,
54,Female,52.6,1.81,167,167,53,2,27.97,16.06,Light,
31,Female,50.9,1.51,174,130,58,,22.5,22.32,FALSE,
43,,58.9,1.85,174,139,67,2,20.61,17.21,Light,
22,Female,69.3,1.56,164,136,50,3,23.56,28.48,Moderate,
18,Female,93.3,1.71,199,,50,4,24.01,31.91,Active,
24,Female,91.2,1.82,181,158,74,2,12.74,27.53,Light,
45,Female,40,1.59,199,144,70,3,19.33,15.82,Moderate,
34,,80.6,1.76,177,163,,4,13.09,26.02,Active,
25,Male,40,1.56,195,132,57,3,12.32,16.44,Moderate,
45,Male,76.6,1.77,181,122,64,2,20.79,24.45,Light,
25,Female,61.1,1.72,176,162,53,4,12.62,20.65,Active,
51,Female,58.8,1.78,172,120,54,4,,18.56,Active,
31,Female,48.4,1.81,178,120,71,3,31.33,14.77,Moderate,
28,Female,77.8,1.62,164,161,70,5,21.22,29.64,Athletic,
48,Male,119.9,1.73,165,156,66,3,18.18,40.06,Moderate,
44,,64.5,1.5,173,166,50,3,12.32,28.67,Moderate,
39,Female,84,1.79,176,126,72,3,30.44,26.22,Moderate,
34,Male,80.7,1.8,193,153,57,3,13.63,24.91,Moderate,
24,Female,102.6,1.67,190,132,73,3,18.79,36.79,Moderate,
51,Female,80.4,1.64,181,,74,5,12.32,29.89,Athletic,
42,Female,57.1,1.84,199,163,74,3,14.84,16.87,Moderate,
23,Female,60.5,1.88,166,149,63,4,15.38,17.12,Active,
18,Female,98.5,1.99,187,153,57,3,15.7,24.87,Moderate,
23,Female,68,1.74,175,120,68,5,17.47,22.46,Athletic,
18,Male,40,1.82,177,127,74,3,28.42,12.08,Moderate,
50,Male,41.9,2,199,161,74,3,16.02,10.48,Moderate,
18,Male,60.5,1.57,177,131,59,3,19.42,24.54,Moderate,
32,Male,40,1.61,176,156,59,4,25.61,15.43,Active,
46,Male,40.7,1.66,190,169,58,5,18.76,14.77,Athletic,
18,Female,53.8,1.7,197,120,69,3,15.72,18.62,Moderate,
18,,115.4,1.79,188,168,72,3,19.06,36.02,Moderate,
46,Male,54,1.82,177,163,63,2,14.05,16.3,Light,
24,Male,105.7,2,187,145,58,3,43.01,26.43,Moderate,
31,Male,87.3,1.65,176,137,74,4,26.33,32.07,Active,
30,Female,57.7,1.76,160,152,59,4,12.32,18.63,Active,
24,Male,72.7,2,190,131,56,2,23.15,18.18,Light,
25,,102.4,1.68,188,141,56,2,16.38,36.28,Light,
29,Female,81.4,1.89,177,137,70,,21.8,22.79,FALSE,
39,Male,81.9,1.72,187,156,53,4,12.91,27.68,Active,
48,Female,65.1,1.79,189,120,74,5,28.56,20.32,Athletic,
28,Female,67.8,1.57,198,135,67,3,14.86,27.51,Moderate,
25,Male,56.9,1.61,183,130,,4,23.68,21.95,Active,
53,Female,55,1.6,181,133,74,4,21.6,21.48,Active,
38,,42.6,1.61,172,122,69,2,15.67,16.43,Light,
50,Female,61.5,1.57,199,139,71,4,17.3,24.95,Active,
27,Male,64.2,1.89,188,143,51,4,17.41,17.97,Active,
38,Male,76.7,1.99,192,131,74,5,14.98,19.37,Athletic,
51,Male,100.2,,164,153,72,4,16.37,#DIV/0!,Active,
54,Female,58.1,1.57,182,169,74,3,23.19,23.57,Moderate,
33,Female,58.2,1.62,170,163,60,3,12.32,22.18,Moderate,
30,Male,80.1,,192,153,50,3,19.51,#DIV/0!,Moderate,
46,Male,55.1,1.62,170,166,52,2,26.04,21,Light,
32,Female,51.2,1.9,162,160,60,3,22.51,14.18,Moderate,
43,Male,40,1.95,162,138,58,4,18.66,10.52,Active,
42,Male,45.3,1.53,193,128,74,2,17.18,19.35,Light,
22,Female,54.1,1.76,178,127,65,4,22.15,17.47,Active,
24,Male,58.8,1.89,163,150,73,2,15.86,16.46,Light,
36,,55.5,1.69,198,132,71,3,27.8,19.43,Moderate,
27,Female,40,1.8,162,140,74,5,29.73,12.35,Athletic,
41,Male,53,1.62,161,142,61,3,20.51,20.2,Moderate,
18,Female,83.5,1.67,162,169,70,2,33.8,29.94,Light,
51,Female,58.6,2,162,150,55,3,37.28,14.65,Moderate,
18,Female,40,1.9,166,169,57,2,19.51,11.08,Light,
44,Female,91.2,1.87,194,141,66,2,15.5,26.08,Light,
31,Male,60.7,1.62,198,120,71,4,23.83,23.13,Active,
36,Male,62.2,1.5,192,132,61,3,22.96,27.64,Moderate,
23,Female,62.1,1.83,168,149,51,3,21.35,18.54,Moderate,
24,Male,79,1.62,177,169,73,2,12.32,30.1,Light,
38,Male,58.4,1.65,169,141,53,2,35.49,21.45,Light,
31,Female,75.8,1.7,199,129,60,2,15.58,26.23,Light,
55,Female,65.5,1.94,170,123,74,3,17,17.4,Moderate,
52,Female,81,1.62,178,146,53,4,17.41,30.86,Active,
24,Female,84.5,1.84,171,128,63,2,12.32,24.96,Light,
18,Male,48.7,1.75,187,141,70,3,38.48,15.9,Moderate,
30,Male,88.3,1.72,195,158,70,3,33.99,29.85,Moderate,
53,Female,,1.55,190,150,71,4,29.07,0,Active,
56,Female,85.2,1.6,163,151,51,3,21.05,33.28,Moderate,
,Male,68.7,1.81,192,169,62,,32.2,20.97,FALSE,
40,Male,97.4,1.66,166,149,60,2,25.05,35.35,Light,
33,Male,73.3,1.86,187,123,60,4,15.26,21.19,Active,
33,Female,44.9,1.73,176,158,74,3,23.8,15,Moderate,
39,Male,59.9,1.71,174,131,50,2,19.74,20.48,Light,
40,Male,43.9,1.92,186,143,74,3,29.23,11.91,Moderate,
20,Male,40,1.52,164,144,65,4,22.23,17.31,Active,
26,Male,65.9,1.99,166,127,71,4,13.91,16.64,Active,
21,Female,59.8,1.65,162,169,74,5,12.32,21.97,Athletic,
36,Female,77.7,1.66,193,120,72,2,22.23,28.2,Light,
30,Male,61.6,1.77,170,130,74,5,24.78,19.66,Athletic,
18,Female,44.2,1.64,171,164,66,5,18.36,16.43,Athletic,
22,Male,63.7,1.85,192,122,53,3,13.95,18.61,Moderate,
45,Male,54.4,1.55,182,139,74,5,12.32,22.64,Athletic,
43,Female,93.8,1.65,170,162,61,3,15.58,34.45,Moderate,
18,Female,77.7,1.55,178,131,67,3,12.32,32.34,Moderate,
18,Male,57.6,1.74,172,120,74,2,12.8,19.02,Light,
20,Male,75.6,1.74,192,128,72,4,34.73,24.97,Active,
47,Male,85.5,1.84,172,152,68,2,19.61,25.25,Light,
25,Male,62.4,1.59,166,151,66,4,32.63,24.68,Active,
31,Female,53.5,1.68,180,155,57,2,20.61,18.96,Light,
47,Male,78.8,1.82,167,144,66,4,15.78,23.79,Active,
20,Male,40,1.97,173,133,74,2,13.57,10.31,Light,
56,Male,51.5,1.66,198,167,70,3,25.65,18.69,Moderate,
24,Male,80.9,1.74,181,128,61,4,12.32,26.72,Active,
29,Female,85.3,1.68,161,133,74,4,15.99,30.22,Active,
18,Female,47.8,1.73,162,136,56,3,14.48,15.97,Moderate,
36,Female,87.9,1.54,177,129,58,3,29.54,37.06,Moderate,
49,Female,43.6,1.68,170,124,73,4,30.46,15.45,Active,
40,Female,55.7,1.6,184,133,72,4,24.88,21.76,Active,
20,Female,73.5,1.87,167,145,68,3,22.35,21.02,Moderate,
31,Female,52.7,1.65,199,138,74,2,18.38,19.36,Light,
47,Female,87.1,1.7,174,160,63,5,26.61,30.14,Athletic,
47,,71.5,1.79,162,169,65,5,25.83,22.32,Athletic,
48,Female,57.3,1.9,172,,55,2,38.13,15.87,Light,
54,,40,1.75,174,166,66,5,17.72,13.06,Athletic,
44,Male,94.4,1.82,182,140,57,3,22.79,28.5,Moderate,
46,Male,44.9,1.93,177,154,58,4,12.32,12.05,Active,
55,Male,61.9,1.74,163,140,73,2,27.13,20.45,Light,
24,Male,83.4,1.7,162,169,51,4,21.68,28.86,Active,
18,Female,83.6,1.84,186,137,73,2,30.41,24.69,Light,
18,Male,87.3,1.71,199,145,65,3,12.32,29.86,Moderate,
18,Female,48.6,1.72,180,136,72,,21.68,16.43,FALSE,
18,Female,80.7,2,184,142,74,2,18.28,20.18,Light,
33,Female,62.6,1.71,192,158,57,2,31.79,21.41,Light,
19,Male,41.9,1.69,176,138,74,2,17.97,14.67,Light,
58,Male,47.6,1.84,182,155,66,4,13.65,14.06,Active,
18,Female,129.9,1.76,168,135,50,3,13.89,41.94,Moderate,
58,Female,73.3,1.69,180,156,72,4,38.45,25.66,Active,
47,Male,45.4,1.81,189,128,55,4,29.15,13.86,Active,
47,Male,50.6,1.65,192,169,63,5,28.24,18.59,Athletic,
56,Male,54,1.92,190,129,73,3,12.32,14.65,Moderate,
34,Female,73.1,1.73,166,161,69,4,21.47,24.42,Active,
36,Male,47.2,1.83,,146,54,4,13.01,14.09,Active,
21,Female,48.7,,198,162,56,2,23.7,#DIV/0!,Light,
29,Female,66.1,1.63,181,169,71,5,17.15,24.88,Athletic,
18,Male,59,1.78,173,169,51,2,12.32,18.62,Light,
33,Female,94.2,1.86,172,148,61,3,22.89,27.23,Moderate,
38,Male,40,1.86,187,126,71,2,12.32,11.56,Light,
18,Female,73.6,1.53,186,128,50,3,14.92,31.44,Moderate,
50,Male,69.1,1.88,,131,55,3,17.62,19.55,Moderate,
31,Female,60.2,1.75,166,155,57,5,12.32,19.66,Athletic,
40,Male,73.8,1.85,185,165,59,4,22.4,21.56,Active,
18,Male,72.8,1.84,174,152,62,2,12.32,21.5,Light,
33,Female,40,1.63,165,159,74,2,12.98,15.06,Light,
33,Female,99.6,1.72,164,169,70,5,28.7,33.67,Athletic,
48,Male,71.5,1.71,183,151,62,4,20.39,24.45,Active,
55,Male,64.4,1.76,163,144,74,2,21.26,20.79,Light,
50,Female,56.4,1.67,193,128,59,2,12.32,20.22,Light,
21,Male,45.2,1.73,198,156,59,4,22.25,15.1,Active,
49,Female,86,1.5,192,127,65,4,,38.22,Active,
49,,70,1.64,182,134,71,4,18.38,26.03,Active,
33,Female,60.7,2,188,169,74,4,21.91,15.18,Active,
42,Male,53.6,1.86,199,167,62,3,20.71,15.49,Moderate,
35,Female,64.3,1.79,188,148,62,5,13.91,20.07,Athletic,
18,Male,78,1.51,182,169,64,3,12.32,34.21,Moderate,
46,Male,50.2,1.8,193,132,74,3,15.85,15.49,Moderate,
29,Female,57,1.62,188,126,70,4,13.32,21.72,Active,
50,Male,87.6,1.67,172,156,74,4,23.76,31.41,Active,
20,Female,86,1.69,183,136,58,5,28.85,30.11,Athletic,
28,Female,43.3,1.78,193,128,72,3,31.04,13.67,Moderate,
18,Male,65.9,1.78,170,135,69,3,24.81,20.8,Moderate,
18,Female,61,1.51,173,146,58,2,12.32,26.75,Light,
22,Male,71,1.72,192,128,59,3,17.82,24,Moderate,
44,Male,56.7,1.77,194,161,68,2,19.97,18.1,Light,
42,Female,57.3,1.76,174,131,74,4,12.46,18.5,Active,
26,Male,95.2,1.68,163,142,68,4,19.46,33.73,Active,
38,Male,71.7,1.71,187,,74,3,12.32,24.52,Moderate,
49,Female,68.8,1.66,190,137,63,2,15.5,24.97,Light,
43,Female,69.7,1.75,193,162,53,3,22.68,22.76,Moderate,
34,Female,102.9,1.64,188,124,74,4,14.76,38.26,Active,
23,Female,90.5,1.5,182,148,67,2,15.69,40.22,Light,
29,Female,40,1.72,194,127,68,2,21.98,13.52,Light,
31,Male,81.9,1.63,168,126,56,4,12.32,30.83,Active,
38,Male,99.6,1.6,173,132,56,2,16.92,38.91,Light,
18,Female,65.7,1.72,180,169,56,3,21.61,22.21,Moderate,
18,Male,,1.84,179,136,74,2,18.9,0,Light,
41,Female,85.7,1.66,170,134,74,4,17.33,31.1,Active,
29,Male,62,1.74,181,158,53,,16.32,20.48,FALSE,
45,Male,70.9,2,198,128,73,3,27.46,17.73,Moderate,
49,Female,59.2,1.55,185,169,63,4,27.18,24.64,Active,
29,Male,83.7,1.8,190,149,74,,13.59,25.83,FALSE,
55,Female,53.8,1.52,191,136,55,3,23.84,23.29,Moderate,
18,Female,68.1,1.66,160,120,65,4,25.77,24.71,Active,
41,Female,105.1,1.67,194,127,68,3,17.65,37.69,Moderate,
24,,45.5,2,169,164,60,3,17.6,11.38,Moderate,
51,Male,58.8,1.63,188,155,59,2,21.73,22.13,Light,
20,Male,52.9,1.8,163,159,57,3,27.72,16.33,Moderate,
43,Female,57.1,1.96,196,149,51,5,13.07,14.86,Athletic,
23,Male,68.6,1.8,196,138,65,2,21.41,21.17,Light,
39,Male,76.2,1.77,164,169,74,2,17.38,24.32,Light,
47,Male,68.2,1.58,164,140,72,2,16.35,27.32,Light,
18,Male,40,1.64,160,152,56,3,28.02,14.87,Moderate,
28,Male,82.4,1.57,171,169,55,4,12.47,33.43,Active,
29,Male,46.8,1.7,195,153,59,3,26.27,16.19,Moderate,
21,Male,62.2,1.71,190,142,58,,16.06,21.27,FALSE,
33,Male,58.1,1.65,168,130,60,3,12.32,21.34,Moderate,
,Female,82.7,1.79,191,124,,3,12.32,25.81,Moderate,
45,Female,55.2,1.9,175,156,67,5,12.32,15.29,Athletic,
18,Female,65.5,1.69,178,134,53,4,12.32,22.93,Active,
22,Male,52.3,1.66,190,146,59,2,15.38,18.98,Light,
37,Female,40,1.66,176,134,57,3,23.21,14.52,Moderate,
28,Female,93.2,1.71,176,149,60,,14.12,31.87,FALSE,
18,Female,53.9,1.73,177,157,73,3,15.92,18.01,Moderate,
52,Male,54.9,1.67,167,144,69,4,18.27,19.69,Active,
18,Male,62.7,1.87,184,141,59,2,13.14,17.93,Light,
57,Female,98.3,1.71,162,126,61,3,20.61,33.62,Moderate,
40,Female,71.4,1.92,171,167,57,3,18.19,19.37,Moderate,
33,Male,74.6,1.58,172,165,68,2,13.23,29.88,Light,
51,Male,47.1,2,177,163,65,5,14.85,11.78,Athletic,
46,Female,49.2,1.5,184,120,73,3,15.31,21.87,Moderate,
36,Male,80.8,1.91,184,,59,4,18.61,22.15,Active,
51,Male,80.8,2,167,129,55,3,12.58,20.2,Moderate,
59,Female,85.7,1.6,182,140,72,4,24.01,33.48,Active,
18,Male,42.3,1.64,198,169,65,4,15.26,15.73,Active,
23,Female,41.5,1.89,188,129,59,3,20.79,11.62,Moderate,
22,Male,84.3,1.6,173,127,72,5,13.86,32.93,Athletic,
34,Male,82.4,1.66,192,148,72,2,18.08,29.9,Light,
24,,79.7,1.92,192,,53,5,45.54,21.62,Athletic,
32,Male,40.6,1.92,166,169,57,5,12.32,11.01,Athletic,
46,Female,58.6,2,194,135,55,2,24.38,14.65,Light,
20,Male,40,1.81,176,138,66,4,12.32,12.21,Active,
36,Female,80.8,1.71,162,163,74,2,12.54,27.63,Light,
54,Male,88.5,2,173,134,58,3,36.73,22.13,Moderate,
52,Male,84.3,1.69,164,169,54,3,15.11,29.52,Moderate,
47,Male,70.1,1.84,188,129,67,3,17.99,20.71,Moderate,
35,Male,49.3,1.71,180,152,73,4,12.65,16.86,Active,
40,Male,79.5,1.92,184,156,52,4,23.51,21.57,Active,
